-- 1. Insertar datos en la tabla categories
INSERT INTO categories (category_name, category_description) VALUES
('Electrónica', 'Dispositivos electrónicos y gadgets'),
('Ropa', 'Prendas de vestir para todas las edades'),
('Hogar', 'Artículos para el hogar y decoración'),
('Deportes', 'Equipamiento deportivo y accesorios'),
('Libros', 'Libros de diversos géneros literarios'),
('Juguetes', 'Juguetes para niños y coleccionables'),
('Belleza', 'Productos de cuidado personal y belleza'),
('Alimentos', 'Productos alimenticios y gourmet'),
('Jardinería', 'Herramientas y plantas para jardín'),
('Música', 'Instrumentos musicales y accesorios'),
('Automóviles', 'Repuestos y accesorios para vehículos'),
('Oficina', 'Artículos de oficina y papelería'),
('Salud', 'Productos para el cuidado de la salud'),
('Mascotas', 'Alimentos y accesorios para mascotas'),
('Viajes', 'Artículos para viaje y maletas'),
('Tecnología', 'Dispositivos tecnológicos y computación'),
('Arte', 'Materiales de arte y manualidades'),
('Bebés', 'Productos para bebés y niños pequeños'),
('Fitness', 'Equipamiento para ejercicio y fitness'),
('Joyas', 'Joyas y accesorios de moda'),
('Herramientas', 'Herramientas manuales y eléctricas'),
('Fotografía', 'Cámaras y accesorios fotográficos'),
('Relojes', 'Relojes de pulsera y de pared'),
('Videojuegos', 'Consolas y videojuegos'),
('Antigüedades', 'Objetos antiguos y coleccionables'),
('Instrumentos', 'Instrumentos musicales profesionales'),
('Camping', 'Equipamiento para camping y aire libre'),
('Pesca', 'Artículos para pesca deportiva'),
('Ciclismo', 'Bicicletas y accesorios para ciclismo'),
('Cocina', 'Utensilios y electrodomésticos de cocina'),
('Limpieza', 'Productos de limpieza para el hogar'),
('Iluminación', 'Lámparas y sistemas de iluminación'),
('Muebles', 'Muebles para el hogar y oficina'),
('Computación', 'Componentes y accesorios de computadora'),
('Celulares', 'Teléfonos móviles y accesorios'),
('Audio', 'Equipos de audio y sonido'),
('TV', 'Televisores y accesorios'),
('Gaming', 'Equipos y accesorios para gaming'),
('Drones', 'Drones y accesorios'),
('Realidad Virtual', 'Equipos de realidad virtual'),
('Smart Home', 'Dispositivos para hogar inteligente'),
('Wearables', 'Dispositivos electrónicos vestibles'),
('Energía', 'Productos de energía y baterías'),
('Seguridad', 'Sistemas de seguridad para el hogar'),
('Redes', 'Equipos de red y conectividad'),
('Impresión', 'Impresoras y suministros'),
('Almacenamiento', 'Discos duros y unidades de almacenamiento'),
('Software', 'Programas y licencias de software');

-- 2. Insertar datos en la tabla users
INSERT INTO users (user_firebase, user_rol) VALUES
('firebase_user_1', 'admin'),
('firebase_user_2', 'user'),
('firebase_user_3', 'user'),
('firebase_user_4', 'user'),
('firebase_user_5', 'user'),
('firebase_user_6', 'user'),
('firebase_user_7', 'user'),
('firebase_user_8', 'user'),
('firebase_user_9', 'user'),
('firebase_user_10', 'user'),
('firebase_user_11', 'user'),
('firebase_user_12', 'user'),
('firebase_user_13', 'user'),
('firebase_user_14', 'user'),
('firebase_user_15', 'user'),
('firebase_user_16', 'user'),
('firebase_user_17', 'user'),
('firebase_user_18', 'user'),
('firebase_user_19', 'user'),
('firebase_user_20', 'user'),
('firebase_user_21', 'user'),
('firebase_user_22', 'user'),
('firebase_user_23', 'user'),
('firebase_user_24', 'user'),
('firebase_user_25', 'user'),
('firebase_user_26', 'user'),
('firebase_user_27', 'user'),
('firebase_user_28', 'user'),
('firebase_user_29', 'user'),
('firebase_user_30', 'user'),
('firebase_user_31', 'user'),
('firebase_user_32', 'user'),
('firebase_user_33', 'user'),
('firebase_user_34', 'user'),
('firebase_user_35', 'user'),
('firebase_user_36', 'user'),
('firebase_user_37', 'user'),
('firebase_user_38', 'user'),
('firebase_user_39', 'user'),
('firebase_user_40', 'user'),
('firebase_user_41', 'user'),
('firebase_user_42', 'user'),
('firebase_user_43', 'user'),
('firebase_user_44', 'user'),
('firebase_user_45', 'user'),
('firebase_user_46', 'user'),
('firebase_user_47', 'user'),
('firebase_user_48', 'user'),
('firebase_user_49', 'user'),
('firebase_user_50', 'user');

-- 3. Insertar datos en la tabla profiles
INSERT INTO profiles (profile_name, profile_description, user_id) VALUES
('Juan Pérez', 'Emprendedor apasionado por la tecnología', 1),
('María García', 'Artista y creadora de manualidades únicas', 2),
('Carlos López', 'Vendedor de productos electrónicos', 3),
('Ana Martínez', 'Diseñadora de moda sostenible', 4),
('Luis Rodríguez', 'Coleccionista de antigüedades', 5),
('Sofía Hernández', 'Chef profesional con productos gourmet', 6),
('Jorge Díaz', 'Instructor de fitness y vendedor de equipos', 7),
('Patricia Sánchez', 'Especialista en cuidado de mascotas', 8),
('Roberto Ramírez', 'Vendedor de herramientas profesionales', 9),
('Laura Flores', 'Libros raros y ediciones especiales', 10),
('Miguel González', 'Instrumentos musicales de alta calidad', 11),
('Elena Castro', 'Productos de belleza orgánicos', 12),
('Fernando Romero', 'Equipamiento para camping y aventura', 13),
('Gabriela Morales', 'Joyería artesanal hecha a mano', 14),
('Ricardo Ortega', 'Vendedor de drones y tecnología aérea', 15),
('Claudia Ríos', 'Productos para bebés y niños pequeños', 16),
('Oscar Mendoza', 'Equipos de audio profesional', 17),
('Silvia Guerrero', 'Artefactos para el hogar inteligente', 18),
('Raúl Herrera', 'Vendedor de bicicletas y accesorios', 19),
('Verónica Vega', 'Productos de jardinería y paisajismo', 20),
('Daniel Paredes', 'Equipos de fotografía profesional', 21),
('Adriana Cortés', 'Vendedora de productos de limpieza ecológicos', 22),
('José Salazar', 'Repuestos y accesorios para automóviles', 23),
('Lucía Méndez', 'Productos de oficina y papelería creativa', 24),
('Arturo Núñez', 'Vendedor de relojes de lujo', 25),
('Isabel Jiménez', 'Productos para el cuidado de la salud', 26),
('Francisco Ruiz', 'Consolas y videojuegos retro', 27),
('Carmen Vargas', 'Muebles artesanales y decoración', 28),
('Alberto Medina', 'Equipos de realidad virtual', 29),
('Rosa Silva', 'Productos de pesca deportiva', 30),
('Mario Campos', 'Vendedor de productos tecnológicos', 31),
('Teresa Rojas', 'Productos para el hogar y cocina', 32),
('Enrique León', 'Equipos de sonido para eventos', 33),
('Beatriz Miranda', 'Vendedora de productos de viaje', 34),
('Héctor Delgado', 'Productos de seguridad para el hogar', 35),
('Alicia Peña', 'Dispositivos wearables y tecnología vestible', 36),
('Guillermo Cabrera', 'Equipos de redes y conectividad', 37),
('Natalia Valdez', 'Impresoras y suministros', 38),
('Felipe Cruz', 'Discos duros y soluciones de almacenamiento', 39),
('Diana Ramos', 'Software y licencias originales', 40),
('Gerardo Reyes', 'Vendedor de productos de iluminación', 41),
('Lourdes Aguilar', 'Productos de energía renovable', 42),
('Sergio Méndez', 'Equipos de gaming profesional', 43),
('Paulina Orozco', 'Productos para el cuidado personal', 44),
('Javier Lozano', 'Vendedor de televisores y pantallas', 45),
('Marina Solís', 'Productos de arte y manualidades', 46),
('Rodrigo Espinoza', 'Equipos de cocina profesional', 47),
('Eugenia Marín', 'Productos de fitness y bienestar', 48),
('Manuel Chávez', 'Vendedor de antigüedades y coleccionables', 49),
('Valeria Rangel', 'Productos para mascotas exóticas', 50);

-- 4. Insertar datos en la tabla products
INSERT INTO products (product_name, product_description, product_price, product_stock, profile_id, category_id) VALUES
('Smartphone X1', 'Último modelo con cámara de 108MP', 899.99, 'available', 1, 1),
('Vestido de verano', 'Vestido ligero con estampado floral', 49.99, 'available', 4, 2),
('Sartén antiadherente', 'Sartén de 30cm con revestimiento cerámico', 39.99, 'available', 32, 3),
('Balón de fútbol', 'Balón oficial tamaño 5', 29.99, 'available', 7, 4),
('El Principito', 'Edición especial con ilustraciones', 19.99, 'available', 10, 5),
('Set de Lego', 'Set de 1000 piezas para construcción', 59.99, 'available', 6, 6),
('Crema hidratante', 'Crema facial con ácido hialurónico', 24.99, 'available', 12, 7),
('Café gourmet', 'Café de grano 100% arábica', 14.99, 'available', 6, 8),
('Tijeras de podar', 'Tijeras profesionales para jardín', 18.99, 'available', 20, 9),
('Guitarra acústica', 'Guitarra de concierto con estuche', 299.99, 'available', 11, 10),
('Aceite de motor', 'Aceite sintético 5W-30 1 litro', 12.99, 'available', 23, 11),
('Set de marcadores', '24 colores punta fina', 15.99, 'available', 24, 12),
('Termómetro digital', 'Termómetro rápido y preciso', 9.99, 'available', 26, 13),
('Cama para perro', 'Cama ortopédica tamaño grande', 34.99, 'available', 8, 14),
('Maleta de viaje', 'Maleta rígida 20" con ruedas', 79.99, 'available', 34, 15),
('Laptop Ultra', 'Laptop 15" con SSD 512GB', 799.99, 'available', 1, 16),
('Set de acuarelas', 'Acuarelas profesionales 12 colores', 29.99, 'available', 46, 17),
('Coche para bebé', 'Cochecito plegable con sombrilla', 129.99, 'available', 16, 18),
('Mancuernas ajustables', 'Par de mancuernas 5-25 lbs', 49.99, 'available', 7, 19),
('Collar de plata', 'Collar con dije de árbol de la vida', 59.99, 'available', 14, 20),
('Taladro inalámbrico', 'Taladro 18V con 2 baterías', 89.99, 'available', 9, 21),
('Cámara réflex', 'Cámara DSLR 24MP con lente 18-55mm', 499.99, 'available', 21, 22),
('Reloj de pulsera', 'Reloj analógico con correa de cuero', 129.99, 'available', 25, 23),
('Consola de juegos', 'Última generación 1TB', 399.99, 'available', 27, 24),
('Jarrón antiguo', 'Jarrón chino siglo XIX', 249.99, 'available', 5, 25),
('Saxofón alto', 'Saxofón profesional la bemol', 899.99, 'available', 11, 26),
('Tienda de campaña', 'Tienda para 4 personas impermeable', 119.99, 'available', 13, 27),
('Caña de pescar', 'Caña spinning 2.1m con carrete', 69.99, 'available', 30, 28),
('Bicicleta montañera', 'Bicicleta 21 velocidades suspensión', 349.99, 'available', 19, 29),
('Licuadora profesional', 'Licuadora 1000W con 6 velocidades', 89.99, 'available', 47, 30),
('Detergente ecológico', 'Detergente líquido 2L sin químicos', 12.99, 'available', 22, 31),
('Lámpara de pie', 'Lámpara LED ajustable 3 temperaturas', 59.99, 'available', 41, 32),
('Sofá seccional', 'Sofá de tela 3 plazas color gris', 599.99, 'available', 28, 33),
('Disco SSD 1TB', 'Disco sólido NVMe velocidad 3500MB/s', 99.99, 'available', 39, 34),
('Auriculares inalámbricos', 'Auriculares con cancelación de ruido', 129.99, 'available', 17, 35),
('Soundbar 5.1', 'Barra de sonido con subwoofer', 199.99, 'available', 33, 36),
('TV 55" 4K', 'Televisor Smart TV HDR', 699.99, 'available', 45, 37),
('Teclado mecánico', 'Teclado gaming retroiluminado', 79.99, 'available', 43, 38),
('Drone profesional', 'Drone 4K con cámara estabilizada', 499.99, 'available', 15, 39),
('Gafas VR', 'Gafas realidad virtual con controles', 299.99, 'available', 29, 40),
('Bombilla inteligente', 'Bombilla WiFi RGB control por app', 19.99, 'available', 18, 41),
('Smartwatch', 'Reloj inteligente con monitor cardiaco', 159.99, 'available', 36, 42),
('Panel solar', 'Panel solar 100W con regulador', 129.99, 'available', 42, 43),
('Kit de alarmas', 'Sistema de seguridad para hogar', 199.99, 'available', 35, 44),
('Router WiFi', 'Router dual band 1800Mbps', 89.99, 'available', 37, 45),
('Impresora láser', 'Impresora monocromática WiFi', 129.99, 'available', 38, 46),
('Disco duro externo', 'Disco 2TB USB 3.0 resistente', 79.99, 'available', 39, 47),
('Suite ofimática', 'Licencia perpetua para 3 PCs', 149.99, 'available', 40, 48),
('Foco LED', 'Foco empotrable 12W luz cálida', 14.99, 'available', 41, 32),
('Kit de jardinería', 'Set de 5 herramientas para jardín', 29.99, 'available', 20, 9);

-- 5. Insertar datos en la tabla click_statistics
INSERT INTO click_statistics (product_id, click_counter) VALUES
(1, 125), (2, 89), (3, 76), (4, 112), (5, 98),
(6, 67), (7, 143), (8, 56), (9, 87), (10, 134),
(11, 45), (12, 78), (13, 92), (14, 65), (15, 109),
(16, 154), (17, 43), (18, 87), (19, 76), (20, 98),
(21, 112), (22, 67), (23, 89), (24, 134), (25, 56),
(26, 143), (27, 87), (28, 76), (29, 112), (30, 98),
(31, 67), (32, 89), (33, 134), (34, 56), (35, 143),
(36, 87), (37, 76), (38, 112), (39, 98), (40, 67),
(41, 89), (42, 134), (43, 56), (44, 143), (45, 87),
(46, 76), (47, 112), (48, 98), (49, 67), (50, 89);

-- 6. Insertar datos en la tabla comment_users
INSERT INTO comment_users (comment_text, comment_rate, profile_id, product_id) VALUES
('Excelente producto, muy buena calidad', 5, 2, 1),
('Llegó con un pequeño defecto pero funciona bien', 3, 3, 1),
('No cumple con lo prometido en la descripción', 2, 4, 2),
('Perfecto para el verano, muy cómodo', 5, 5, 2),
('La sartén se pega a pesar de ser antiadherente', 2, 6, 3),
('Muy buena relación calidad-precio', 4, 7, 4),
('El balón es de excelente calidad', 5, 8, 4),
('Edición hermosa, vale cada centavo', 5, 9, 5),
('El set de Lego trae menos piezas de las anunciadas', 3, 10, 6),
('La crema hidratante es maravillosa para mi piel', 5, 11, 7),
('El café tiene un sabor excepcional', 5, 12, 8),
('Las tijeras son muy afiladas, perfectas para podar', 5, 13, 9),
('La guitarra tiene un sonido increíble', 5, 14, 10),
('Aceite de buena calidad para mi auto', 4, 15, 11),
('Los marcadores tienen colores vibrantes', 5, 16, 12),
('Termómetro preciso y fácil de usar', 4, 17, 13),
('A mi perro le encanta su nueva cama', 5, 18, 14),
('Maleta resistente y con buen espacio', 4, 19, 15),
('La laptop es rápida y ligera', 5, 20, 16),
('Acuarelas de pigmentos intensos', 5, 21, 17),
('Cochecito muy estable y fácil de plegar', 4, 22, 18),
('Mancuernas versátiles para entrenar', 5, 23, 19),
('El collar es aún más bonito en persona', 5, 24, 20),
('Taladro potente y duradero', 5, 25, 21),
('Cámara profesional con excelentes resultados', 5, 26, 22),
('Reloj elegante y preciso', 4, 27, 23),
('Consola con excelentes gráficos', 5, 28, 24),
('Jarrón en perfecto estado, como nuevo', 5, 29, 25),
('Saxofón de calidad profesional', 5, 30, 26),
('Tienda fácil de armar y muy resistente', 4, 31, 27),
('Caña de pescar ligera y sensible', 5, 32, 28),
('Bicicleta cómoda para terrenos difíciles', 4, 33, 29),
('Licuadora potente para todo tipo de alimentos', 5, 34, 30),
('Detergente ecológico y efectivo', 4, 35, 31),
('Lámpara con luz muy agradable', 5, 36, 32),
('Sofá cómodo y de buen tamaño', 4, 37, 33),
('SSD super rápido, gran mejora para mi PC', 5, 38, 34),
('Auriculares con excelente cancelación de ruido', 5, 39, 35),
('Soundbar con sonido envolvente', 4, 40, 36),
('TV con colores vibrantes y buen ángulo de visión', 5, 1, 37),
('Teclado responsive ideal para gaming', 5, 2, 38),
('Drone con cámara de alta calidad', 4, 3, 39),
('Gafas VR con experiencia inmersiva', 5, 4, 40),
('Bombilla fácil de configurar y con colores vivos', 4, 5, 41),
('Smartwatch con muchas funciones útiles', 5, 6, 42),
('Panel solar eficiente y duradero', 4, 7, 43),
('Kit de alarmas fácil de instalar', 5, 8, 44),
('Router con señal estable en toda la casa', 4, 9, 45),
('Impresora rápida y con buena calidad', 5, 10, 46),
('Disco duro espacioso y rápido', 4, 11, 47),
('Software completo para necesidades de oficina', 5, 12, 48),
('Foco LED con luz cálida y agradable', 4, 13, 49),
('Kit de jardinería completo y resistente', 5, 14, 50);

-- 7. Insertar datos en la tabla favorites
INSERT INTO favorites (profile_id, product_id) VALUES
(1, 10), (1, 25), (1, 37),
(2, 5), (2, 17), (2, 42),
(3, 8), (3, 21), (3, 39),
(4, 2), (4, 14), (4, 28),
(5, 25), (5, 33), (5, 47),
(6, 8), (6, 30), (6, 45),
(7, 4), (7, 19), (7, 36),
(8, 14), (8, 27), (8, 41),
(9, 9), (9, 21), (9, 38),
(10, 5), (10, 16), (10, 32),
(11, 10), (11, 26), (11, 43),
(12, 7), (12, 20), (12, 35),
(13, 9), (13, 27), (13, 44),
(14, 20), (14, 34), (14, 49),
(15, 11), (15, 39), (15, 50),
(16, 18), (16, 31), (16, 46),
(17, 13), (17, 35), (17, 48),
(18, 14), (18, 29), (18, 42),
(19, 19), (19, 29), (19, 37),
(20, 9), (20, 20), (20, 50),
(21, 22), (21, 33), (21, 47),
(22, 31), (22, 45), (22, 50),
(23, 11), (23, 23), (23, 39),
(24, 12), (24, 20), (24, 36),
(25, 23), (25, 37), (25, 49),
(26, 13), (26, 26), (26, 40),
(27, 24), (27, 38), (27, 50),
(28, 15), (28, 28), (28, 41),
(29, 25), (29, 40), (29, 48),
(30, 28), (30, 43), (30, 50),
(31, 1), (31, 16), (31, 31),
(32, 3), (32, 30), (32, 47),
(33, 17), (33, 29), (33, 36),
(34, 15), (34, 34), (34, 49),
(35, 31), (35, 44), (35, 50),
(36, 35), (36, 42), (36, 48),
(37, 33), (37, 45), (37, 50),
(38, 34), (38, 46), (38, 48),
(39, 34), (39, 47), (39, 49),
(40, 36), (40, 48), (40, 50),
(41, 32), (41, 49), (41, 50),
(42, 43), (42, 48), (42, 50),
(43, 38), (43, 47), (43, 50),
(44, 7), (44, 35), (44, 44),
(45, 37), (45, 45), (45, 50),
(46, 17), (46, 47), (46, 50),
(47, 30), (47, 47), (47, 50),
(48, 19), (48, 48), (48, 50),
(49, 25), (49, 49), (49, 50),
(50, 14), (50, 28), (50, 42);

-- 8. Insertar datos en la tabla offers
INSERT INTO offers (old_price, new_price, valid_from, valid_until, offer_description, product_id) VALUES
(999.99, 899.99, '2023-01-01', '2023-12-31', 'Oferta especial de lanzamiento', 1),
(59.99, 49.99, '2023-02-15', '2023-03-15', 'Oferta de temporada de verano', 2),
(44.99, 39.99, '2023-03-01', '2023-03-31', 'Promoción de cocina', 3),
(34.99, 29.99, '2023-04-01', '2023-04-30', 'Oferta deportiva', 4),
(24.99, 19.99, '2023-05-01', '2023-05-31', 'Día del libro', 5),
(69.99, 59.99, '2023-06-01', '2023-06-30', 'Promoción de juguetes', 6),
(29.99, 24.99, '2023-07-01', '2023-07-31', 'Oferta de belleza', 7),
(17.99, 14.99, '2023-08-01', '2023-08-31', 'Promoción de café', 8),
(22.99, 18.99, '2023-09-01', '2023-09-30', 'Oferta de jardinería', 9),
(349.99, 299.99, '2023-10-01', '2023-10-31', 'Promoción musical', 10),
(14.99, 12.99, '2023-11-01', '2023-11-30', 'Oferta de automóviles', 11),
(18.99, 15.99, '2023-12-01', '2023-12-31', 'Promoción de oficina', 12),
(12.99, 9.99, '2024-01-01', '2024-01-31', 'Oferta de salud', 13),
(39.99, 34.99, '2024-02-01', '2024-02-29', 'Promoción para mascotas', 14),
(89.99, 79.99, '2024-03-01', '2024-03-31', 'Oferta de viajes', 15),
(849.99, 799.99, '2024-04-01', '2024-04-30', 'Promoción tecnológica', 16),
(34.99, 29.99, '2024-05-01', '2024-05-31', 'Oferta de arte', 17),
(139.99, 129.99, '2024-06-01', '2024-06-30', 'Promoción para bebés', 18),
(54.99, 49.99, '2024-07-01', '2024-07-31', 'Oferta de fitness', 19),
(64.99, 59.99, '2024-08-01', '2024-08-31', 'Promoción de joyería', 20),
(94.99, 89.99, '2024-09-01', '2024-09-30', 'Oferta de herramientas', 21),
(549.99, 499.99, '2024-10-01', '2024-10-31', 'Promoción fotográfica', 22),
(139.99, 129.99, '2024-11-01', '2024-11-30', 'Oferta de relojes', 23),
(429.99, 399.99, '2024-12-01', '2024-12-31', 'Promoción de gaming', 24),
(279.99, 249.99, '2025-01-01', '2025-01-31', 'Oferta de antigüedades', 25),
(949.99, 899.99, '2025-02-01', '2025-02-28', 'Promoción musical profesional', 26),
(129.99, 119.99, '2025-03-01', '2025-03-31', 'Oferta de camping', 27),
(74.99, 69.99, '2025-04-01', '2025-04-30', 'Promoción de pesca', 28),
(379.99, 349.99, '2025-05-01', '2025-05-31', 'Oferta de ciclismo', 29),
(94.99, 89.99, '2025-06-01', '2025-06-30', 'Promoción de cocina', 30),
(14.99, 12.99, '2025-07-01', '2025-07-31', 'Oferta de limpieza', 31),
(64.99, 59.99, '2025-08-01', '2025-08-31', 'Promoción de iluminación', 32),
(649.99, 599.99, '2025-09-01', '2025-09-30', 'Oferta de muebles', 33),
(109.99, 99.99, '2025-10-01', '2025-10-31', 'Promoción de almacenamiento', 34),
(139.99, 129.99, '2025-11-01', '2025-11-30', 'Oferta de audio', 35),
(219.99, 199.99, '2025-12-01', '2025-12-31', 'Promoción de sonido', 36),
(749.99, 699.99, '2026-01-01', '2026-01-31', 'Oferta de TV', 37),
(84.99, 79.99, '2026-02-01', '2026-02-28', 'Promoción de gaming', 38),
(529.99, 499.99, '2026-03-01', '2026-03-31', 'Oferta de drones', 39),
(329.99, 299.99, '2026-04-01', '2026-04-30', 'Promoción de realidad virtual', 40),
(22.99, 19.99, '2026-05-01', '2026-05-31', 'Oferta de hogar inteligente', 41),
(169.99, 159.99, '2026-06-01', '2026-06-30', 'Promoción de wearables', 42),
(139.99, 129.99, '2026-07-01', '2026-07-31', 'Oferta de energía solar', 43),
(219.99, 199.99, '2026-08-01', '2026-08-31', 'Promoción de seguridad', 44),
(94.99, 89.99, '2026-09-01', '2026-09-30', 'Oferta de redes', 45),
(139.99, 129.99, '2026-10-01', '2026-10-31', 'Promoción de impresión', 46),
(84.99, 79.99, '2026-11-01', '2026-11-30', 'Oferta de almacenamiento', 47),
(159.99, 149.99, '2026-12-01', '2026-12-31', 'Promoción de software', 48),
(16.99, 14.99, '2027-01-01', '2027-01-31', 'Oferta de iluminación', 49),
(34.99, 29.99, '2027-02-01', '2027-02-28', 'Promoción de jardinería', 50);

-- 9. Insertar datos en la tabla reports
INSERT INTO reports (report_description, reporting_profile, reported_profile, reported_product) VALUES
('El producto no coincide con la descripción', 1, NULL, 3),
('Usuario con comportamiento inapropiado', 2, 5, NULL),
('Producto posiblemente falsificado', 3, NULL, 7),
('Publicación con información engañosa', 4, NULL, 12),
('Usuario que no cumple con los acuerdos', 5, 10, NULL),
('Producto en categoría incorrecta', 6, NULL, 18),
('Imágenes del producto no corresponden', 7, NULL, 22),
('Usuario con lenguaje ofensivo', 8, 15, NULL),
('Posible infracción de derechos de autor', 9, NULL, 25),
('Precio no coincide con el ofertado', 10, NULL, 30),
('Usuario que no responde a mensajes', 11, 20, NULL),
('Producto dañado al recibir', 12, NULL, 35),
('Descripción confusa y poco clara', 13, NULL, 40),
('Usuario que publica contenido inapropiado', 14, 25, NULL),
('Producto no entregado en plazo', 15, NULL, 45),
('Publicación duplicada', 16, NULL, 5),
('Usuario con múltiples quejas', 17, 30, NULL),
('Producto con piezas faltantes', 18, NULL, 10),
('Información de contacto falsa', 19, 35, NULL),
('Producto no autorizado para venta', 20, NULL, 15),
('Usuario que evade políticas de pago', 21, 40, NULL),
('Producto con garantía inválida', 22, NULL, 20),
('Publicación con datos personales', 23, 45, NULL),
('Producto prohibido por normas', 24, NULL, 25),
('Usuario con calificaciones falsas', 25, 50, NULL),
('Producto no funciona correctamente', 26, NULL, 30),
('Publicación con enlaces externos no permitidos', 27, NULL, 35),
('Usuario que no acepta devoluciones', 28, 5, NULL),
('Producto usado vendido como nuevo', 29, NULL, 40),
('Publicación con imágenes no propias', 30, NULL, 45),
('Usuario con múltiples identidades', 31, 10, NULL),
('Producto con precios inflados', 32, NULL, 50),
('Publicación con términos engañosos', 33, NULL, 5),
('Usuario que no entrega productos', 34, 15, NULL),
('Producto con materiales peligrosos', 35, NULL, 10),
('Publicación con spam', 36, NULL, 15),
('Usuario con prácticas comerciales desleales', 37, 20, NULL),
('Producto con instrucciones inseguras', 38, NULL, 20),
('Publicación con contenido discriminatorio', 39, NULL, 25),
('Usuario que incumple políticas de envío', 40, 25, NULL),
('Producto con garantía no válida', 41, NULL, 30),
('Publicación con información falsa', 42, NULL, 35),
('Usuario que no provee factura', 43, 30, NULL),
('Producto con defectos ocultos', 44, NULL, 40),
('Publicación con imágenes editadas', 45, NULL, 45),
('Usuario que no responde reclamos', 46, 35, NULL),
('Producto no compatible como se describe', 47, NULL, 50),
('Publicación con términos ilegales', 48, NULL, 5),
('Usuario con comportamiento fraudulento', 49, 40, NULL),
('Producto con piezas incompletas', 50, NULL, 10);

-- 10. Insertar datos en la tabla profile_photos
INSERT INTO profile_photos (photo_url, profile_id) VALUES
('https://example.com/photos/profile1.jpg', 1),
('https://example.com/photos/profile2.jpg', 2),
('https://example.com/photos/profile3.jpg', 3),
('https://example.com/photos/profile4.jpg', 4),
('https://example.com/photos/profile5.jpg', 5),
('https://example.com/photos/profile6.jpg', 6),
('https://example.com/photos/profile7.jpg', 7),
('https://example.com/photos/profile8.jpg', 8),
('https://example.com/photos/profile9.jpg', 9),
('https://example.com/photos/profile10.jpg', 10),
('https://example.com/photos/profile11.jpg', 11),
('https://example.com/photos/profile12.jpg', 12),
('https://example.com/photos/profile13.jpg', 13),
('https://example.com/photos/profile14.jpg', 14),
('https://example.com/photos/profile15.jpg', 15),
('https://example.com/photos/profile16.jpg', 16),
('https://example.com/photos/profile17.jpg', 17),
('https://example.com/photos/profile18.jpg', 18),
('https://example.com/photos/profile19.jpg', 19),
('https://example.com/photos/profile20.jpg', 20),
('https://example.com/photos/profile21.jpg', 21),
('https://example.com/photos/profile22.jpg', 22),
('https://example.com/photos/profile23.jpg', 23),
('https://example.com/photos/profile24.jpg', 24),
('https://example.com/photos/profile25.jpg', 25),
('https://example.com/photos/profile26.jpg', 26),
('https://example.com/photos/profile27.jpg', 27),
('https://example.com/photos/profile28.jpg', 28),
('https://example.com/photos/profile29.jpg', 29),
('https://example.com/photos/profile30.jpg', 30),
('https://example.com/photos/profile31.jpg', 31),
('https://example.com/photos/profile32.jpg', 32),
('https://example.com/photos/profile33.jpg', 33),
('https://example.com/photos/profile34.jpg', 34),
('https://example.com/photos/profile35.jpg', 35),
('https://example.com/photos/profile36.jpg', 36),
('https://example.com/photos/profile37.jpg', 37),
('https://example.com/photos/profile38.jpg', 38),
('https://example.com/photos/profile39.jpg', 39),
('https://example.com/photos/profile40.jpg', 40),
('https://example.com/photos/profile41.jpg', 41),
('https://example.com/photos/profile42.jpg', 42),
('https://example.com/photos/profile43.jpg', 43),
('https://example.com/photos/profile44.jpg', 44),
('https://example.com/photos/profile45.jpg', 45),
('https://example.com/photos/profile46.jpg', 46),
('https://example.com/photos/profile47.jpg', 47),
('https://example.com/photos/profile48.jpg', 48),
('https://example.com/photos/profile49.jpg', 49),
('https://example.com/photos/profile50.jpg', 50);
select*from product_photos;
-- 11. Insertar datos en la tabla product_photos
INSERT INTO product_photos (photo_url, product_id) VALUES
('https://example.com/photos/product1_1.jpg', 1),
('https://example.com/photos/product1_2.jpg', 1),
('https://example.com/photos/product2_1.jpg', 2),
('https://example.com/photos/product3_1.jpg', 3),
('https://example.com/photos/product4_1.jpg', 4),
('https://example.com/photos/product5_1.jpg', 5),
('https://example.com/photos/product6_1.jpg', 6),
('https://example.com/photos/product6_2.jpg', 6),
('https://example.com/photos/product7_1.jpg', 7),
('https://example.com/photos/product8_1.jpg', 8),
('https://example.com/photos/product9_1.jpg', 9),
('https://example.com/photos/product10_1.jpg', 10),
('https://example.com/photos/product10_2.jpg', 10),
('https://example.com/photos/product11_1.jpg', 11),
('https://example.com/photos/product12_1.jpg', 12),
('https://example.com/photos/product13_1.jpg', 13),
('https://example.com/photos/product14_1.jpg', 14),
('https://example.com/photos/product15_1.jpg', 15),
('https://example.com/photos/product16_1.jpg', 16),
('https://example.com/photos/product17_1.jpg', 17),
('https://example.com/photos/product18_1.jpg', 18),
('https://example.com/photos/product19_1.jpg', 19),
('https://example.com/photos/product20_1.jpg', 20),
('https://example.com/photos/product21_1.jpg', 21),
('https://example.com/photos/product22_1.jpg', 22),
('https://example.com/photos/product22_2.jpg', 22),
('https://example.com/photos/product23_1.jpg', 23),
('https://example.com/photos/product24_1.jpg', 24),
('https://example.com/photos/product25_1.jpg', 25),
('https://example.com/photos/product26_1.jpg', 26),
('https://example.com/photos/product27_1.jpg', 27),
('https://example.com/photos/product28_1.jpg', 28),
('https://example.com/photos/product29_1.jpg', 29),
('https://example.com/photos/product30_1.jpg', 30),
('https://example.com/photos/product31_1.jpg', 31),
('https://example.com/photos/product32_1.jpg', 32),
('https://example.com/photos/product33_1.jpg', 33),
('https://example.com/photos/product34_1.jpg', 34),
('https://example.com/photos/product35_1.jpg', 35),
('https://example.com/photos/product36_1.jpg', 36),
('https://example.com/photos/product37_1.jpg', 37),
('https://example.com/photos/product38_1.jpg', 38),
('https://example.com/photos/product39_1.jpg', 39),
('https://example.com/photos/product40_1.jpg', 40),
('https://example.com/photos/product41_1.jpg', 41),
('https://example.com/photos/product42_1.jpg', 42),
('https://example.com/photos/product43_1.jpg', 43),
('https://example.com/photos/product44_1.jpg', 44),
('https://example.com/photos/product45_1.jpg', 45),
('https://example.com/photos/product46_1.jpg', 46),
('https://example.com/photos/product47_1.jpg', 47),
('https://example.com/photos/product48_1.jpg', 48),
('https://example.com/photos/product49_1.jpg', 49),
('https://example.com/photos/product50_1.jpg', 50);

-- Inserccion de 450 datos faltantes
INSERT INTO users (user_id, user_firebase, user_rol) VALUES
(501, 'firebase_51', 'user'),
(52, 'firebase_52', 'user'),
(53, 'firebase_53', 'admin'),
(54, 'firebase_54', 'user'),
(55, 'firebase_55', 'user'),
(56, 'firebase_56', 'user'),
(57, 'firebase_57', 'user'),
(58, 'firebase_58', 'admin'),
(59, 'firebase_59', 'user'),
(60, 'firebase_60', 'user'),
(61, 'firebase_61', 'user'),
(62, 'firebase_62', 'user'),
(63, 'firebase_63', 'admin'),
(64, 'firebase_64', 'user'),
(65, 'firebase_65', 'user'),
(66, 'firebase_66', 'user'),
(67, 'firebase_67', 'user'),
(68, 'firebase_68', 'admin'),
(69, 'firebase_69', 'user'),
(70, 'firebase_70', 'user'),
(71, 'firebase_71', 'user'),
(72, 'firebase_72', 'user'),
(73, 'firebase_73', 'admin'),
(74, 'firebase_74', 'user'),
(75, 'firebase_75', 'user'),
(76, 'firebase_76', 'user'),
(77, 'firebase_77', 'user'),
(78, 'firebase_78', 'admin'),
(79, 'firebase_79', 'user'),
(80, 'firebase_80', 'user'),
(81, 'firebase_81', 'user'),
(82, 'firebase_82', 'user'),
(83, 'firebase_83', 'admin'),
(84, 'firebase_84', 'user'),
(85, 'firebase_85', 'user'),
(86, 'firebase_86', 'user'),
(87, 'firebase_87', 'user'),
(88, 'firebase_88', 'admin'),
(89, 'firebase_89', 'user'),
(90, 'firebase_90', 'user'),
(91, 'firebase_91', 'user'),
(92, 'firebase_92', 'user'),
(93, 'firebase_93', 'admin'),
(94, 'firebase_94', 'user'),
(95, 'firebase_95', 'user'),
(96, 'firebase_96', 'user'),
(97, 'firebase_97', 'user'),
(98, 'firebase_98', 'admin'),
(99, 'firebase_99', 'user'),
(100, 'firebase_100', 'user');

-- Bloque 2: IDs 101-150
INSERT INTO users (user_id, user_firebase, user_rol) VALUES
(101, 'firebase_101', 'user'),
(102, 'firebase_102', 'user'),
(103, 'firebase_103', 'admin'),
(104, 'firebase_104', 'user'),
(105, 'firebase_105', 'user'),
(106, 'firebase_106', 'user'),
(107, 'firebase_107', 'user'),
(108, 'firebase_108', 'admin'),
(109, 'firebase_109', 'user'),
(110, 'firebase_110', 'user'),
(111, 'firebase_111', 'user'),
(112, 'firebase_112', 'user'),
(113, 'firebase_113', 'admin'),
(114, 'firebase_114', 'user'),
(115, 'firebase_115', 'user'),
(116, 'firebase_116', 'user'),
(117, 'firebase_117', 'user'),
(118, 'firebase_118', 'admin'),
(119, 'firebase_119', 'user'),
(120, 'firebase_120', 'user'),
(121, 'firebase_121', 'user'),
(122, 'firebase_122', 'user'),
(123, 'firebase_123', 'admin'),
(124, 'firebase_124', 'user'),
(125, 'firebase_125', 'user'),
(126, 'firebase_126', 'user'),
(127, 'firebase_127', 'user'),
(128, 'firebase_128', 'admin'),
(129, 'firebase_129', 'user'),
(130, 'firebase_130', 'user'),
(131, 'firebase_131', 'user'),
(132, 'firebase_132', 'user'),
(133, 'firebase_133', 'admin'),
(134, 'firebase_134', 'user'),
(135, 'firebase_135', 'user'),
(136, 'firebase_136', 'user'),
(137, 'firebase_137', 'user'),
(138, 'firebase_138', 'admin'),
(139, 'firebase_139', 'user'),
(140, 'firebase_140', 'user'),
(141, 'firebase_141', 'user'),
(142, 'firebase_142', 'user'),
(143, 'firebase_143', 'admin'),
(144, 'firebase_144', 'user'),
(145, 'firebase_145', 'user'),
(146, 'firebase_146', 'user'),
(147, 'firebase_147', 'user'),
(148, 'firebase_148', 'admin'),
(149, 'firebase_149', 'user'),
(150, 'firebase_150', 'user');

-- Bloque 3: IDs 151-200
INSERT INTO users (user_id, user_firebase, user_rol) VALUES
(151, 'firebase_151', 'user'),
(152, 'firebase_152', 'user'),
(153, 'firebase_153', 'admin'),
(154, 'firebase_154', 'user'),
(155, 'firebase_155', 'user'),
(156, 'firebase_156', 'user'),
(157, 'firebase_157', 'user'),
(158, 'firebase_158', 'admin'),
(159, 'firebase_159', 'user'),
(160, 'firebase_160', 'user'),
(161, 'firebase_161', 'user'),
(162, 'firebase_162', 'user'),
(163, 'firebase_163', 'admin'),
(164, 'firebase_164', 'user'),
(165, 'firebase_165', 'user'),
(166, 'firebase_166', 'user'),
(167, 'firebase_167', 'user'),
(168, 'firebase_168', 'admin'),
(169, 'firebase_169', 'user'),
(170, 'firebase_170', 'user'),
(171, 'firebase_171', 'user'),
(172, 'firebase_172', 'user'),
(173, 'firebase_173', 'admin'),
(174, 'firebase_174', 'user'),
(175, 'firebase_175', 'user'),
(176, 'firebase_176', 'user'),
(177, 'firebase_177', 'user'),
(178, 'firebase_178', 'admin'),
(179, 'firebase_179', 'user'),
(180, 'firebase_180', 'user'),
(181, 'firebase_181', 'user'),
(182, 'firebase_182', 'user'),
(183, 'firebase_183', 'admin'),
(184, 'firebase_184', 'user'),
(185, 'firebase_185', 'user'),
(186, 'firebase_186', 'user'),
(187, 'firebase_187', 'user'),
(188, 'firebase_188', 'admin'),
(189, 'firebase_189', 'user'),
(190, 'firebase_190', 'user'),
(191, 'firebase_191', 'user'),
(192, 'firebase_192', 'user'),
(193, 'firebase_193', 'admin'),
(194, 'firebase_194', 'user'),
(195, 'firebase_195', 'user'),
(196, 'firebase_196', 'user'),
(197, 'firebase_197', 'user'),
(198, 'firebase_198', 'admin'),
(199, 'firebase_199', 'user'),
(200, 'firebase_200', 'user');

-- Bloque 4: IDs 201-250
INSERT INTO users (user_id, user_firebase, user_rol) VALUES
(201, 'firebase_201', 'user'),
(202, 'firebase_202', 'user'),
(203, 'firebase_203', 'admin'),
(204, 'firebase_204', 'user'),
(205, 'firebase_205', 'user'),
(206, 'firebase_206', 'user'),
(207, 'firebase_207', 'user'),
(208, 'firebase_208', 'admin'),
(209, 'firebase_209', 'user'),
(210, 'firebase_210', 'user'),
(211, 'firebase_211', 'user'),
(212, 'firebase_212', 'user'),
(213, 'firebase_213', 'admin'),
(214, 'firebase_214', 'user'),
(215, 'firebase_215', 'user'),
(216, 'firebase_216', 'user'),
(217, 'firebase_217', 'user'),
(218, 'firebase_218', 'admin'),
(219, 'firebase_219', 'user'),
(220, 'firebase_220', 'user'),
(221, 'firebase_221', 'user'),
(222, 'firebase_222', 'user'),
(223, 'firebase_223', 'admin'),
(224, 'firebase_224', 'user'),
(225, 'firebase_225', 'user'),
(226, 'firebase_226', 'user'),
(227, 'firebase_227', 'user'),
(228, 'firebase_228', 'admin'),
(229, 'firebase_229', 'user'),
(230, 'firebase_230', 'user'),
(231, 'firebase_231', 'user'),
(232, 'firebase_232', 'user'),
(233, 'firebase_233', 'admin'),
(234, 'firebase_234', 'user'),
(235, 'firebase_235', 'user'),
(236, 'firebase_236', 'user'),
(237, 'firebase_237', 'user'),
(238, 'firebase_238', 'admin'),
(239, 'firebase_239', 'user'),
(240, 'firebase_240', 'user'),
(241, 'firebase_241', 'user'),
(242, 'firebase_242', 'user'),
(243, 'firebase_243', 'admin'),
(244, 'firebase_244', 'user'),
(245, 'firebase_245', 'user'),
(246, 'firebase_246', 'user'),
(247, 'firebase_247', 'user'),
(248, 'firebase_248', 'admin'),
(249, 'firebase_249', 'user'),
(250, 'firebase_250', 'user');

-- Bloque 5: IDs 251-300
INSERT INTO users (user_id, user_firebase, user_rol) VALUES
(251, 'firebase_251', 'user'),
(252, 'firebase_252', 'user'),
(253, 'firebase_253', 'admin'),
(254, 'firebase_254', 'user'),
(255, 'firebase_255', 'user'),
(256, 'firebase_256', 'user'),
(257, 'firebase_257', 'user'),
(258, 'firebase_258', 'admin'),
(259, 'firebase_259', 'user'),
(260, 'firebase_260', 'user'),
(261, 'firebase_261', 'user'),
(262, 'firebase_262', 'user'),
(263, 'firebase_263', 'admin'),
(264, 'firebase_264', 'user'),
(265, 'firebase_265', 'user'),
(266, 'firebase_266', 'user'),
(267, 'firebase_267', 'user'),
(268, 'firebase_268', 'admin'),
(269, 'firebase_269', 'user'),
(270, 'firebase_270', 'user'),
(271, 'firebase_271', 'user'),
(272, 'firebase_272', 'user'),
(273, 'firebase_273', 'admin'),
(274, 'firebase_274', 'user'),
(275, 'firebase_275', 'user'),
(276, 'firebase_276', 'user'),
(277, 'firebase_277', 'user'),
(278, 'firebase_278', 'admin'),
(279, 'firebase_279', 'user'),
(280, 'firebase_280', 'user'),
(281, 'firebase_281', 'user'),
(282, 'firebase_282', 'user'),
(283, 'firebase_283', 'admin'),
(284, 'firebase_284', 'user'),
(285, 'firebase_285', 'user'),
(286, 'firebase_286', 'user'),
(287, 'firebase_287', 'user'),
(288, 'firebase_288', 'admin'),
(289, 'firebase_289', 'user'),
(290, 'firebase_290', 'user'),
(291, 'firebase_291', 'user'),
(292, 'firebase_292', 'user'),
(293, 'firebase_293', 'admin'),
(294, 'firebase_294', 'user'),
(295, 'firebase_295', 'user'),
(296, 'firebase_296', 'user'),
(297, 'firebase_297', 'user'),
(298, 'firebase_298', 'admin'),
(299, 'firebase_299', 'user'),
(300, 'firebase_300', 'user');

-- Bloque 6: IDs 301-350
INSERT INTO users (user_id, user_firebase, user_rol) VALUES
(301, 'firebase_301', 'user'),
(302, 'firebase_302', 'user'),
(303, 'firebase_303', 'admin'),
(304, 'firebase_304', 'user'),
(305, 'firebase_305', 'user'),
(306, 'firebase_306', 'user'),
(307, 'firebase_307', 'user'),
(308, 'firebase_308', 'admin'),
(309, 'firebase_309', 'user'),
(310, 'firebase_310', 'user'),
(311, 'firebase_311', 'user'),
(312, 'firebase_312', 'user'),
(313, 'firebase_313', 'admin'),
(314, 'firebase_314', 'user'),
(315, 'firebase_315', 'user'),
(316, 'firebase_316', 'user'),
(317, 'firebase_317', 'user'),
(318, 'firebase_318', 'admin'),
(319, 'firebase_319', 'user'),
(320, 'firebase_320', 'user'),
(321, 'firebase_321', 'user'),
(322, 'firebase_322', 'user'),
(323, 'firebase_323', 'admin'),
(324, 'firebase_324', 'user'),
(325, 'firebase_325', 'user'),
(326, 'firebase_326', 'user'),
(327, 'firebase_327', 'user'),
(328, 'firebase_328', 'admin'),
(329, 'firebase_329', 'user'),
(330, 'firebase_330', 'user'),
(331, 'firebase_331', 'user'),
(332, 'firebase_332', 'user'),
(333, 'firebase_333', 'admin'),
(334, 'firebase_334', 'user'),
(335, 'firebase_335', 'user'),
(336, 'firebase_336', 'user'),
(337, 'firebase_337', 'user'),
(338, 'firebase_338', 'admin'),
(339, 'firebase_339', 'user'),
(340, 'firebase_340', 'user'),
(341, 'firebase_341', 'user'),
(342, 'firebase_342', 'user'),
(343, 'firebase_343', 'admin'),
(344, 'firebase_344', 'user'),
(345, 'firebase_345', 'user'),
(346, 'firebase_346', 'user'),
(347, 'firebase_347', 'user'),
(348, 'firebase_348', 'admin'),
(349, 'firebase_349', 'user'),
(350, 'firebase_350', 'user');

-- Bloque 7: IDs 351-400
INSERT INTO users (user_id, user_firebase, user_rol) VALUES
(351, 'firebase_351', 'user'),
(352, 'firebase_352', 'user'),
(353, 'firebase_353', 'admin'),
(354, 'firebase_354', 'user'),
(355, 'firebase_355', 'user'),
(356, 'firebase_356', 'user'),
(357, 'firebase_357', 'user'),
(358, 'firebase_358', 'admin'),
(359, 'firebase_359', 'user'),
(360, 'firebase_360', 'user'),
(361, 'firebase_361', 'user'),
(362, 'firebase_362', 'user'),
(363, 'firebase_363', 'admin'),
(364, 'firebase_364', 'user'),
(365, 'firebase_365', 'user'),
(366, 'firebase_366', 'user'),
(367, 'firebase_367', 'user'),
(368, 'firebase_368', 'admin'),
(369, 'firebase_369', 'user'),
(370, 'firebase_370', 'user'),
(371, 'firebase_371', 'user'),
(372, 'firebase_372', 'user'),
(373, 'firebase_373', 'admin'),
(374, 'firebase_374', 'user'),
(375, 'firebase_375', 'user'),
(376, 'firebase_376', 'user'),
(377, 'firebase_377', 'user'),
(378, 'firebase_378', 'admin'),
(379, 'firebase_379', 'user'),
(380, 'firebase_380', 'user'),
(381, 'firebase_381', 'user'),
(382, 'firebase_382', 'user'),
(383, 'firebase_383', 'admin'),
(384, 'firebase_384', 'user'),
(385, 'firebase_385', 'user'),
(386, 'firebase_386', 'user'),
(387, 'firebase_387', 'user'),
(388, 'firebase_388', 'admin'),
(389, 'firebase_389', 'user'),
(390, 'firebase_390', 'user'),
(391, 'firebase_391', 'user'),
(392, 'firebase_392', 'user'),
(393, 'firebase_393', 'admin'),
(394, 'firebase_394', 'user'),
(395, 'firebase_395', 'user'),
(396, 'firebase_396', 'user'),
(397, 'firebase_397', 'user'),
(398, 'firebase_398', 'admin'),
(399, 'firebase_399', 'user'),
(400, 'firebase_400', 'user');

-- Bloque 8: IDs 401-450
INSERT INTO users (user_id, user_firebase, user_rol) VALUES
(401, 'firebase_401', 'user'),
(402, 'firebase_402', 'user'),
(403, 'firebase_403', 'admin'),
(404, 'firebase_404', 'user'),
(405, 'firebase_405', 'user'),
(406, 'firebase_406', 'user'),
(407, 'firebase_407', 'user'),
(408, 'firebase_408', 'admin'),
(409, 'firebase_409', 'user'),
(410, 'firebase_410', 'user'),
(411, 'firebase_411', 'user'),
(412, 'firebase_412', 'user'),
(413, 'firebase_413', 'admin'),
(414, 'firebase_414', 'user'),
(415, 'firebase_415', 'user'),
(416, 'firebase_416', 'user'),
(417, 'firebase_417', 'user'),
(418, 'firebase_418', 'admin'),
(419, 'firebase_419', 'user'),
(420, 'firebase_420', 'user'),
(421, 'firebase_421', 'user'),
(422, 'firebase_422', 'user'),
(423, 'firebase_423', 'admin'),
(424, 'firebase_424', 'user'),
(425, 'firebase_425', 'user'),
(426, 'firebase_426', 'user'),
(427, 'firebase_427', 'user'),
(428, 'firebase_428', 'admin'),
(429, 'firebase_429', 'user'),
(430, 'firebase_430', 'user'),
(431, 'firebase_431', 'user'),
(432, 'firebase_432', 'user'),
(433, 'firebase_433', 'admin'),
(434, 'firebase_434', 'user'),
(435, 'firebase_435', 'user'),
(436, 'firebase_436', 'user'),
(437, 'firebase_437', 'user'),
(438, 'firebase_438', 'admin'),
(439, 'firebase_439', 'user'),
(440, 'firebase_440', 'user'),
(441, 'firebase_441', 'user'),
(442, 'firebase_442', 'user'),
(443, 'firebase_443', 'admin'),
(444, 'firebase_444', 'user'),
(445, 'firebase_445', 'user'),
(446, 'firebase_446', 'user'),
(447, 'firebase_447', 'user'),
(448, 'firebase_448', 'admin'),
(449, 'firebase_449', 'user'),
(450, 'firebase_450', 'user');

-- Bloque 9: IDs 451-500
INSERT INTO users (user_id, user_firebase, user_rol) VALUES
(451, 'firebase_451', 'user'),
(452, 'firebase_452', 'user'),
(453, 'firebase_453', 'admin'),
(454, 'firebase_454', 'user'),
(455, 'firebase_455', 'user'),
(456, 'firebase_456', 'user'),
(457, 'firebase_457', 'user'),
(458, 'firebase_458', 'admin'),
(459, 'firebase_459', 'user'),
(460, 'firebase_460', 'user'),
(461, 'firebase_461', 'user'),
(462, 'firebase_462', 'user'),
(463, 'firebase_463', 'admin'),
(464, 'firebase_464', 'user'),
(465, 'firebase_465', 'user'),
(466, 'firebase_466', 'user'),
(467, 'firebase_467', 'user'),
(468, 'firebase_468', 'admin'),
(469, 'firebase_469', 'user'),
(470, 'firebase_470', 'user'),
(471, 'firebase_471', 'user'),
(472, 'firebase_472', 'user'),
(473, 'firebase_473', 'admin'),
(474, 'firebase_474', 'user'),
(475, 'firebase_475', 'user'),
(476, 'firebase_476', 'user'),
(477, 'firebase_477', 'user'),
(478, 'firebase_478', 'admin'),
(479, 'firebase_479', 'user'),
(480, 'firebase_480', 'user'),
(481, 'firebase_481', 'user'),
(482, 'firebase_482', 'user'),
(483, 'firebase_483', 'admin'),
(484, 'firebase_484', 'user'),
(485, 'firebase_485', 'user'),
(486, 'firebase_486', 'user'),
(487, 'firebase_487', 'user'),
(488, 'firebase_488', 'admin'),
(489, 'firebase_489', 'user'),
(490, 'firebase_490', 'user'),
(491, 'firebase_491', 'user'),
(492, 'firebase_492', 'user'),
(493, 'firebase_493', 'admin'),
(494, 'firebase_494', 'user'),
(495, 'firebase_495', 'user'),
(496, 'firebase_496', 'user'),
(497, 'firebase_497', 'user'),
(498, 'firebase_498', 'admin'),
(499, 'firebase_499', 'user'),
(500, 'firebase_500', 'user');

-- Tabla Products
-- Bloque 1: IDs 51-100
INSERT INTO products (product_id, product_name, product_description, product_price, product_stock, product_publication_date, profile_id, category_id) VALUES
(51, 'Smartphone Galaxy Z', 'Teléfono plegable de última generación', 799.99, 'available', '2025-07-31 21:06:00', 501, 35),
(52, 'Camiseta Casual', 'Camiseta de algodón para uso diario', 19.99, 'available', '2025-07-31 21:06:00', 52, 2),
(53, 'Sofá Modular', 'Sofá de 4 plazas con diseño moderno', 599.99, 'available', '2025-07-31 21:06:00', 53, 33),
(54, 'Balón de Fútbol', 'Balón profesional tamaño 5', 29.99, 'available', '2025-07-31 21:06:00', 54, 4),
(55, 'Novela de Ciencia Ficción', 'Libro de aventuras intergalácticas', 14.99, 'available', '2025-07-31 21:06:00', 55, 5),
(56, 'Muñeca Articulada', 'Muñeca coleccionable de edición limitada', 49.99, 'unavailable', '2025-07-31 21:06:00', 56, 6),
(57, 'Crema Facial', 'Hidratante para piel sensible', 24.99, 'available', '2025-07-31 21:06:00', 57, 7),
(58, 'Cámara DSLR', 'Cámara profesional de 24MP', 499.99, 'available', '2025-07-31 21:06:00', 58, 22),
(59, 'Guitarra Eléctrica', 'Guitarra con amplificador incluido', 299.99, 'available', '2025-07-31 21:06:00', 59, 26),
(60, 'Lámpara de Mesa LED', 'Lámpara regulable con luz cálida', 39.99, 'available', '2025-07-31 21:06:00', 60, 32),
(61, 'Auriculares Bluetooth', 'Auriculares inalámbricos con cancelación de ruido', 89.99, 'available', '2025-07-31 21:06:00', 61, 36),
(62, 'Chaqueta de Invierno', 'Chaqueta térmica para bajas temperaturas', 79.99, 'available', '2025-07-31 21:06:00', 62, 2),
(63, 'Mesa de Comedor', 'Mesa de madera para 6 personas', 249.99, 'available', '2025-07-31 21:06:00', 63, 33),
(64, 'Pelota de Tenis', 'Set de 3 pelotas para tenis profesional', 9.99, 'available', '2025-07-31 21:06:00', 64, 4),
(65, 'Libro de Historia', 'Crónica de eventos históricos', 19.99, 'available', '2025-07-31 21:06:00', 65, 5),
(66, 'Juego de Construcción', 'Set de bloques para niños', 34.99, 'unavailable', '2025-07-31 21:06:00', 66, 6),
(67, 'Perfume Unisex', 'Fragancia fresca de 100ml', 59.99, 'available', '2025-07-31 21:06:00', 67, 7),
(68, 'Trípode para Cámara', 'Trípode ajustable de aluminio', 29.99, 'available', '2025-07-31 21:06:00', 68, 22),
(69, 'Batería Acústica', 'Set de batería para principiantes', 399.99, 'available', '2025-07-31 21:06:00', 69, 26),
(70, 'Foco Inteligente', 'Bombilla LED con control por app', 24.99, 'available', '2025-07-31 21:06:00', 70, 41),
(71, 'Laptop Ultraligera', 'Laptop de 14 pulgadas con SSD', 999.99, 'available', '2025-07-31 21:06:00', 71, 34),
(72, 'Pantalones Vaqueros', 'Jeans ajustados de alta calidad', 39.99, 'available', '2025-07-31 21:06:00', 72, 2),
(73, 'Silla de Oficina', 'Silla ergonómica con soporte lumbar', 129.99, 'available', '2025-07-31 21:06:00', 73, 33),
(74, 'Raqueta de Bádminton', 'Raqueta ligera para jugadores recreativos', 19.99, 'available', '2025-07-31 21:06:00', 74, 4),
(75, 'Libro de Cocina', 'Recetas fáciles para el hogar', 12.99, 'available', '2025-07-31 21:06:00', 75, 5),
(76, 'Robot de Juguete', 'Robot interactivo con control remoto', 59.99, 'unavailable', '2025-07-31 21:06:00', 76, 6),
(77, 'Mascarilla Facial', 'Mascarilla hidratante de arcilla', 14.99, 'available', '2025-07-31 21:06:00', 77, 7),
(78, 'Lente para Cámara', 'Lente de 50mm para fotografía profesional', 199.99, 'available', '2025-07-31 21:06:00', 78, 22),
(79, 'Teclado Musical', 'Teclado electrónico de 61 teclas', 149.99, 'available', '2025-07-31 21:06:00', 79, 26),
(80, 'Lámpara de Pared', 'Lámpara decorativa para exteriores', 34.99, 'available', '2025-07-31 21:06:00', 80, 32),
(81, 'Tablet 10 Pulgadas', 'Tablet con pantalla HD y 64GB', 199.99, 'available', '2025-07-31 21:06:00', 81, 16),
(82, 'Sudadera Deportiva', 'Sudadera cómoda para ejercicio', 29.99, 'available', '2025-07-31 21:06:00', 82, 2),
(83, 'Cama Doble', 'Cama de madera con colchón incluido', 399.99, 'available', '2025-07-31 21:06:00', 83, 33),
(84, 'Pesas Ajustables', 'Set de pesas de 5 a 20 kg', 89.99, 'available', '2025-07-31 21:06:00', 84, 19),
(85, 'Novela Romántica', 'Historia de amor contemporánea', 11.99, 'available', '2025-07-31 21:06:00', 85, 5),
(86, 'Coche de Juguete', 'Modelo a escala de auto deportivo', 24.99, 'unavailable', '2025-07-31 21:06:00', 86, 6),
(87, 'Champú Orgánico', 'Champú natural sin sulfatos', 9.99, 'available', '2025-07-31 21:06:00', 87, 7),
(88, 'Cámara de Seguridad', 'Cámara Wi-Fi para hogar', 79.99, 'available', '2025-07-31 21:06:00', 88, 44),
(89, 'Saxofón Alto', 'Instrumento de viento para principiantes', 349.99, 'available', '2025-07-31 21:06:00', 89, 26),
(90, 'Foco LED Exterior', 'Lámpara de alta potencia para jardín', 49.99, 'available', '2025-07-31 21:06:00', 90, 32),
(91, 'Monitor 27 Pulgadas', 'Monitor 4K para gaming', 299.99, 'available', '2025-07-31 21:06:00', 91, 34),
(92, 'Vestido de Noche', 'Vestido elegante para eventos', 69.99, 'available', '2025-07-31 21:06:00', 92, 2),
(93, 'Escritorio Moderno', 'Escritorio compacto para oficina', 149.99, 'available', '2025-07-31 21:06:00', 93, 33),
(94, 'Bicicleta Estática', 'Bicicleta para ejercicios en casa', 199.99, 'available', '2025-07-31 21:06:00', 94, 19),
(95, 'Libro Infantil', 'Cuento ilustrado para niños', 8.99, 'available', '2025-07-31 21:06:00', 95, 5),
(96, 'Peluche Grande', 'Oso de peluche de 50 cm', 29.99, 'unavailable', '2025-07-31 21:06:00', 96, 6),
(97, 'Crema Antiarrugas', 'Crema rejuvenecedora para rostro', 39.99, 'available', '2025-07-31 21:06:00', 97, 7),
(98, 'Flash para Cámara', 'Flash externo para fotografía', 59.99, 'available', '2025-07-31 21:06:00', 98, 22),
(99, 'Ukelele', 'Ukelele de madera para principiantes', 49.99, 'available', '2025-07-31 21:06:00', 99, 26),
(100, 'Lámpara de Techo', 'Lámpara moderna para sala', 79.99, 'available', '2025-07-31 21:06:00', 100, 32);

-- Bloque 2: IDs 101-150
INSERT INTO products (product_id, product_name, product_description, product_price, product_stock, product_publication_date, profile_id, category_id) VALUES
(101, 'Smartwatch Pro', 'Reloj inteligente con monitor de salud', 149.99, 'available', '2025-07-31 21:06:00', 101, 42),
(102, 'Zapatillas Running', 'Zapatillas ligeras para correr', 59.99, 'available', '2025-07-31 21:06:00', 102, 2),
(103, 'Sillón Reclinable', 'Sillón cómodo con reposapiés', 299.99, 'available', '2025-07-31 21:06:00', 103, 33),
(104, 'Caña de Pescar', 'Caña telescópica para pesca deportiva', 39.99, 'available', '2025-07-31 21:06:00', 104, 28),
(105, 'Ensayo Filosófico', 'Libro sobre ética contemporánea', 16.99, 'available', '2025-07-31 21:06:00', 105, 5),
(106, 'Puzzle 1000 Piezas', 'Puzzle de paisajes para adultos', 19.99, 'unavailable', '2025-07-31 21:06:00', 106, 6),
(107, 'Exfoliante Corporal', 'Exfoliante natural de café', 14.99, 'available', '2025-07-31 21:06:00', 107, 7),
(108, 'Cámara de Acción', 'Cámara resistente al agua 4K', 129.99, 'available', '2025-07-31 21:06:00', 108, 22),
(109, 'Violín Clásico', 'Violín de madera para estudiantes', 199.99, 'available', '2025-07-31 21:06:00', 109, 26),
(110, 'Lámpara Solar', 'Lámpara para jardín con energía solar', 29.99, 'available', '2025-07-31 21:06:00', 110, 32),
(111, 'Router Wi-Fi 6', 'Router de alta velocidad para hogar', 89.99, 'available', '2025-07-31 21:06:00', 111, 45),
(112, 'Bufanda de Lana', 'Bufanda suave para invierno', 24.99, 'available', '2025-07-31 21:06:00', 112, 2),
(113, 'Estantería Modular', 'Estantería de 5 niveles para libros', 79.99, 'available', '2025-07-31 21:06:00', 113, 33),
(114, 'Cinta de Correr', 'Cinta eléctrica para ejercicio', 499.99, 'available', '2025-07-31 21:06:00', 114, 19),
(115, 'Libro de Poesía', 'Antología poética contemporánea', 13.99, 'available', '2025-07-31 21:06:00', 115, 5),
(116, 'Tren de Juguete', 'Set de tren eléctrico para niños', 39.99, 'unavailable', '2025-07-31 21:06:00', 116, 6),
(117, 'Gel de Baño', 'Gel refrescante con aroma cítrico', 9.99, 'available', '2025-07-31 21:06:00', 117, 7),
(118, 'Lente Macro', 'Lente para fotografía de detalles', 99.99, 'available', '2025-07-31 21:06:00', 118, 22),
(119, 'Flauta Dulce', 'Flauta para principiantes', 19.99, 'available', '2025-07-31 21:06:00', 119, 26),
(120, 'Lámpara de Escritorio', 'Lámpara LED con puerto USB', 34.99, 'available', '2025-07-31 21:06:00', 120, 32),
(121, 'Disco Duro Externo', 'Disco de 1TB para almacenamiento', 69.99, 'available', '2025-07-31 21:06:00', 121, 47),
(122, 'Sombrero de Moda', 'Sombrero elegante para eventos', 29.99, 'available', '2025-07-31 21:06:00', 122, 2),
(123, 'Armario Organizador', 'Armario de tela para ropa', 59.99, 'available', '2025-07-31 21:06:00', 123, 33),
(124, 'Banda Elástica', 'Set de bandas para entrenamiento', 14.99, 'available', '2025-07-31 21:06:00', 124, 19),
(125, 'Libro de Aventuras', 'Novela de acción y suspense', 15.99, 'available', '2025-07-31 21:06:00', 125, 5),
(126, 'Figura de Acción', 'Figura coleccionable de superhéroe', 24.99, 'unavailable', '2025-07-31 21:06:00', 126, 6),
(127, 'Tónico Facial', 'Tónico para piel grasa', 19.99, 'available', '2025-07-31 21:06:00', 127, 7),
(128, 'Cámara Instantánea', 'Cámara para fotos instantáneas', 79.99, 'available', '2025-07-31 21:06:00', 128, 22),
(129, 'Trompeta', 'Trompeta de latón para estudiantes', 249.99, 'available', '2025-07-31 21:06:00', 129, 26),
(130, 'Lámpara de Pie', 'Lámpara ajustable para sala', 69.99, 'available', '2025-07-31 21:06:00', 130, 32),
(131, 'Teclado Mecánico', 'Teclado RGB para gaming', 99.99, 'available', '2025-07-31 21:06:00', 131, 34),
(132, 'Chaleco Deportivo', 'Chaleco ligero para correr', 34.99, 'available', '2025-07-31 21:06:00', 132, 2),
(133, 'Cama Individual', 'Cama con estructura metálica', 199.99, 'available', '2025-07-31 21:06:00', 133, 33),
(134, 'Colchoneta de Yoga', 'Colchoneta antideslizante', 24.99, 'available', '2025-07-31 21:06:00', 134, 19),
(135, 'Libro de Ensayos', 'Ensayos sobre tecnología moderna', 17.99, 'available', '2025-07-31 21:06:00', 135, 5),
(136, 'Set de Cocina', 'Juego de cocina para niños', 29.99, 'unavailable', '2025-07-31 21:06:00', 136, 6),
(137, 'Crema Solar', 'Protector solar SPF 50', 12.99, 'available', '2025-07-31 21:06:00', 137, 7),
(138, 'Cámara Web', 'Cámara HD para videollamadas', 49.99, 'available', '2025-07-31 21:06:00', 138, 34),
(139, 'Armónica', 'Armónica diatónica en do', 14.99, 'available', '2025-07-31 21:06:00', 139, 26),
(140, 'Lámpara Colgante', 'Lámpara decorativa para comedor', 89.99, 'available', '2025-07-31 21:06:00', 140, 32),
(141, 'Mouse Inalámbrico', 'Mouse ergonómico para oficina', 19.99, 'available', '2025-07-31 21:06:00', 141, 34),
(142, 'Falda Plisada', 'Falda elegante para ocasiones', 39.99, 'available', '2025-07-31 21:06:00', 142, 2),
(143, 'Mueble de TV', 'Mueble moderno para televisor', 149.99, 'available', '2025-07-31 21:06:00', 143, 33),
(144, 'Set de Mancuernas', 'Mancuernas ajustables de 10 kg', 59.99, 'available', '2025-07-31 21:06:00', 144, 19),
(145, 'Libro de Biografía', 'Biografía de una figura histórica', 18.99, 'available', '2025-07-31 21:06:00', 145, 5),
(146, 'Pista de Carreras', 'Pista de autos para niños', 49.99, 'unavailable', '2025-07-31 21:06:00', 146, 6),
(147, 'Aceite Corporal', 'Aceite hidratante de almendras', 14.99, 'available', '2025-07-31 21:06:00', 147, 7),
(148, 'Cámara Reflex', 'Cámara con lente intercambiable', 599.99, 'available', '2025-07-31 21:06:00', 148, 22),
(149, 'Piano Digital', 'Piano de 88 teclas con pedal', 499.99, 'available', '2025-07-31 21:06:00', 149, 26),
(150, 'Foco LED Inteligente', 'Foco con control por voz', 29.99, 'available', '2025-07-31 21:06:00', 150, 41);

-- Bloque 3: IDs 151-200
INSERT INTO products (product_id, product_name, product_description, product_price, product_stock, product_publication_date, profile_id, category_id) VALUES
(151, 'Auriculares Inalámbricos', 'Auriculares con micrófono integrado', 69.99, 'available', '2025-07-31 21:06:00', 151, 36),
(152, 'Chaqueta de Cuero', 'Chaqueta clásica para hombre', 99.99, 'available', '2025-07-31 21:06:00', 152, 2),
(153, 'Sofá Cama', 'Sofá convertible en cama doble', 399.99, 'available', '2025-07-31 21:06:00', 153, 33),
(154, 'Red de Voleibol', 'Red portátil para voleibol', 29.99, 'available', '2025-07-31 21:06:00', 154, 4),
(155, 'Libro de Misterio', 'Novela de suspense intrigante', 13.99, 'available', '2025-07-31 21:06:00', 155, 5),
(156, 'Muñeco de Peluche', 'Peluche de animal para niños', 19.99, 'unavailable', '2025-07-31 21:06:00', 156, 6),
(157, 'Mascarilla de Colágeno', 'Mascarilla rejuvenecedora', 9.99, 'available', '2025-07-31 21:06:00', 157, 7),
(158, 'Cámara 360', 'Cámara para grabación panorámica', 199.99, 'available', '2025-07-31 21:06:00', 158, 22),
(159, 'Guitarra Acústica', 'Guitarra de cuerdas de nylon', 149.99, 'available', '2025-07-31 21:06:00', 159, 26),
(160, 'Lámpara de Lava', 'Lámpara decorativa retro', 24.99, 'available', '2025-07-31 21:06:00', 160, 32),
(161, 'Impresora Láser', 'Impresora monocromática para oficina', 129.99, 'available', '2025-07-31 21:06:00', 161, 46),
(162, 'Camisa Formal', 'Camisa de vestir para hombre', 34.99, 'available', '2025-07-31 21:06:00', 162, 2),
(163, 'Biblioteca de Madera', 'Estantería para libros y decoraciones', 199.99, 'available', '2025-07-31 21:06:00', 163, 33),
(164, 'Pelota de Baloncesto', 'Balón oficial para cancha', 24.99, 'available', '2025-07-31 21:06:00', 164, 4),
(165, 'Libro de Autoayuda', 'Guía para el crecimiento personal', 15.99, 'available', '2025-07-31 21:06:00', 165, 5),
(166, 'Juego de Mesa', 'Juego estratégico para familias', 29.99, 'unavailable', '2025-07-31 21:06:00', 166, 6),
(167, 'Jabón Artesanal', 'Jabón natural de lavanda', 7.99, 'available', '2025-07-31 21:06:00', 167, 7),
(168, 'Cámara de Vigilancia', 'Cámara con visión nocturna', 89.99, 'available', '2025-07-31 21:06:00', 168, 44),
(169, 'Bajo Eléctrico', 'Bajo de 4 cuerdas para principiantes', 249.99, 'available', '2025-07-31 21:06:00', 169, 26),
(170, 'Lámpara LED RGB', 'Lámpara con cambio de colores', 39.99, 'available', '2025-07-31 21:06:00', 170, 32),
(171, 'SSD 500GB', 'Disco sólido para alto rendimiento', 79.99, 'available', '2025-07-31 21:06:00', 171, 47),
(172, 'Pantalones Deportivos', 'Pantalones cómodos para gimnasio', 29.99, 'available', '2025-07-31 21:06:00', 172, 2),
(173, 'Mesa de Centro', 'Mesa de vidrio para sala', 99.99, 'available', '2025-07-31 21:06:00', 173, 33),
(174, 'Set de Golf', 'Palos de golf para principiantes', 199.99, 'available', '2025-07-31 21:06:00', 174, 4),
(175, 'Libro de Fantasía', 'Novela épica de fantasía', 16.99, 'available', '2025-07-31 21:06:00', 175, 5),
(176, 'Rompecabezas 3D', 'Puzzle de arquitectura en 3D', 34.99, 'unavailable', '2025-07-31 21:06:00', 176, 6),
(177, 'Crema de Manos', 'Crema hidratante para manos secas', 8.99, 'available', '2025-07-31 21:06:00', 177, 7),
(178, 'Lente Gran Angular', 'Lente para paisajes y arquitectura', 149.99, 'available', '2025-07-31 21:06:00', 178, 22),
(179, 'Clarinete', 'Clarinete para estudiantes', 199.99, 'available', '2025-07-31 21:06:00', 179, 26),
(180, 'Lámpara de Exterior', 'Lámpara resistente al agua', 49.99, 'available', '2025-07-31 21:06:00', 180, 32),
(181, 'Monitor Curvo', 'Monitor de 32 pulgadas para gaming', 349.99, 'available', '2025-07-31 21:06:00', 181, 34),
(182, 'Vestido Casual', 'Vestido ligero para verano', 39.99, 'available', '2025-07-31 21:06:00', 182, 2),
(183, 'Cama King', 'Cama con cabecera de madera', 499.99, 'available', '2025-07-31 21:06:00', 183, 33),
(184, 'Cuerda de Saltar', 'Cuerda ajustable para ejercicio', 9.99, 'available', '2025-07-31 21:06:00', 184, 19),
(185, 'Libro de Viajes', 'Guía de destinos exóticos', 14.99, 'available', '2025-07-31 21:06:00', 185, 5),
(186, 'Casa de Muñecas', 'Casa de madera para muñecas', 59.99, 'unavailable', '2025-07-31 21:06:00', 186, 6),
(187, 'Exfoliante Facial', 'Exfoliante suave para piel mixta', 12.99, 'available', '2025-07-31 21:06:00', 187, 7),
(188, 'Cámara Compacta', 'Cámara portátil de 20MP', 199.99, 'available', '2025-07-31 21:06:00', 188, 22),
(189, 'Batería Electrónica', 'Batería compacta para práctica', 299.99, 'available', '2025-07-31 21:06:00', 189, 26),
(190, 'Lámpara de Noche', 'Lámpara táctil para mesita', 24.99, 'available', '2025-07-31 21:06:00', 190, 32),
(191, 'Tarjeta Gráfica', 'GPU de 8GB para gaming', 399.99, 'available', '2025-07-31 21:06:00', 191, 34),
(192, 'Gorra Deportiva', 'Gorra ajustable para deportes', 14.99, 'available', '2025-07-31 21:06:00', 192, 2),
(193, 'Sofá de Cuero', 'Sofá de 3 plazas premium', 799.99, 'available', '2025-07-31 21:06:00', 193, 33),
(194, 'Tabla de Surf', 'Tabla para principiantes', 249.99, 'available', '2025-07-31 21:06:00', 194, 4),
(195, 'Libro de Cocina Regional', 'Recetas tradicionales latinas', 17.99, 'available', '2025-07-31 21:06:00', 195, 5),
(196, 'Juego de Construcción', 'Set de bloques magnéticos', 39.99, 'unavailable', '2025-07-31 21:06:00', 196, 6),
(197, 'Sérum Facial', 'Sérum con vitamina C', 29.99, 'available', '2025-07-31 21:06:00', 197, 7),
(198, 'Cámara de Viaje', 'Cámara ligera para aventuras', 149.99, 'available', '2025-07-31 21:06:00', 198, 22),
(199, 'Saxofón Tenor', 'Saxofón para músicos avanzados', 499.99, 'available', '2025-07-31 21:06:00', 199, 26),
(200, 'Lámpara de Cristal', 'Lámpara decorativa para comedor', 99.99, 'available', '2025-07-31 21:06:00', 200, 32);

-- Bloque 4: IDs 201-250
INSERT INTO products (product_id, product_name, product_description, product_price, product_stock, product_publication_date, profile_id, category_id) VALUES
(201, 'Smart TV 55 Pulgadas', 'Televisor LED con resolución 4K', 599.99, 'available', '2025-07-31 21:06:00', 201, 37),
(202, 'Zapatos de Vestir', 'Zapatos de cuero para hombre', 79.99, 'available', '2025-07-31 21:06:00', 202, 2),
(203, 'Mesa de Trabajo', 'Mesa ajustable para oficina', 129.99, 'available', '2025-07-31 21:06:00', 203, 33),
(204, 'Set de Camping', 'Kit de camping con linterna', 49.99, 'available', '2025-07-31 21:06:00', 204, 27),
(205, 'Libro de Terror', 'Novela de terror psicológico', 14.99, 'available', '2025-07-31 21:06:00', 205, 5),
(206, 'Muñeca de Trapo', 'Muñeca artesanal para niños', 19.99, 'unavailable', '2025-07-31 21:06:00', 206, 6),
(207, 'Crema de Afeitar', 'Crema suave para piel sensible', 9.99, 'available', '2025-07-31 21:06:00', 207, 7),
(208, 'Cámara de Drones', 'Cámara para drones 4K', 199.99, 'available', '2025-07-31 21:06:00', 208, 39),
(209, 'Guitarra Clásica', 'Guitarra de madera para principiantes', 129.99, 'available', '2025-07-31 21:06:00', 209, 26),
(210, 'Lámpara de Jardín', 'Lámpara solar para exteriores', 34.99, 'available', '2025-07-31 21:06:00', 210, 32),
(211, 'Consola de Videojuegos', 'Consola de última generación', 399.99, 'available', '2025-07-31 21:06:00', 211, 24),
(212, 'Camiseta Deportiva', 'Camiseta transpirable para gimnasio', 24.99, 'available', '2025-07-31 21:06:00', 212, 2),
(213, 'Silla de Comedor', 'Silla acolchada para comedor', 69.99, 'available', '2025-07-31 21:06:00', 213, 33),
(214, 'Set de Pesca', 'Kit completo para pesca recreativa', 59.99, 'available', '2025-07-31 21:06:00', 214, 28),
(215, 'Libro de Ciencia', 'Texto sobre avances científicos', 19.99, 'available', '2025-07-31 21:06:00', 215, 5),
(216, 'Coche de Control Remoto', 'Auto de juguete con batería', 29.99, 'unavailable', '2025-07-31 21:06:00', 216, 6),
(217, 'Loción Corporal', 'Loción hidratante con aloe vera', 12.99, 'available', '2025-07-31 21:06:00', 217, 7),
(218, 'Trípode Flexible', 'Trípode para cámaras compactas', 19.99, 'available', '2025-07-31 21:06:00', 218, 22),
(219, 'Violonchelo', 'Violonchelo para estudiantes', 499.99, 'available', '2025-07-31 21:06:00', 219, 26),
(220, 'Lámpara de Pared LED', 'Lámpara moderna para interiores', 39.99, 'available', '2025-07-31 21:06:00', 220, 32),
(221, 'Auriculares Gaming', 'Auriculares con micrófono para juegos', 79.99, 'available', '2025-07-31 21:06:00', 221, 38),
(222, 'Pantalones de Vestir', 'Pantalones formales para hombre', 49.99, 'available', '2025-07-31 21:06:00', 222, 2),
(223, 'Mueble Organizador', 'Mueble con cajones para oficina', 89.99, 'available', '2025-07-31 21:06:00', 223, 33),
(224, 'Bicicleta de Montaña', 'Bicicleta con suspensión doble', 299.99, 'available', '2025-07-31 21:06:00', 224, 29),
(225, 'Libro de Historia Moderna', 'Ensayo sobre eventos del siglo XX', 16.99, 'available', '2025-07-31 21:06:00', 225, 5),
(226, 'Set de Legos', 'Set de construcción para niños', 49.99, 'unavailable', '2025-07-31 21:06:00', 226, 6),
(227, 'Mascarilla Hidratante', 'Mascarilla para piel seca', 14.99, 'available', '2025-07-31 21:06:00', 227, 7),
(228, 'Cámara para Vlogs', 'Cámara ligera para grabación', 249.99, 'available', '2025-07-31 21:06:00', 228, 22),
(229, 'Teclado Electrónico', 'Teclado de 76 teclas', 199.99, 'available', '2025-07-31 21:06:00', 229, 26),
(230, 'Lámpara de Mesa', 'Lámpara regulable para estudio', 29.99, 'available', '2025-07-31 21:06:00', 230, 32),
(231, 'Memoria USB 128GB', 'Memoria USB de alta velocidad', 24.99, 'available', '2025-07-31 21:06:00', 231, 47),
(232, 'Sudadera con Capucha', 'Sudadera cómoda para invierno', 34.99, 'available', '2025-07-31 21:06:00', 232, 2),
(233, 'Sofá Esquinero', 'Sofá modular para sala grande', 699.99, 'available', '2025-07-31 21:06:00', 233, 33),
(234, 'Set de Tenis', 'Raquetas y pelotas para tenis', 79.99, 'available', '2025-07-31 21:06:00', 234, 4),
(235, 'Libro de Literatura', 'Clásicos de la literatura universal', 15.99, 'available', '2025-07-31 21:06:00', 235, 5),
(236, 'Juego de Coches', 'Set de autos de carreras', 29.99, 'unavailable', '2025-07-31 21:06:00', 236, 6),
(237, 'Crema Hidratante', 'Crema para pieles sensibles', 19.99, 'available', '2025-07-31 21:06:00', 237, 7),
(238, 'Cámara de Seguridad Wi-Fi', 'Cámara con conexión a smartphone', 99.99, 'available', '2025-07-31 21:06:00', 238, 44),
(239, 'Flauta Travesera', 'Flauta para músicos intermedios', 299.99, 'available', '2025-07-31 21:06:00', 239, 26),
(240, 'Lámpara de Techo LED', 'Lámpara moderna para comedor', 89.99, 'available', '2025-07-31 21:06:00', 240, 32),
(241, 'Laptop Gaming', 'Laptop con GPU dedicada', 1299.99, 'available', '2025-07-31 21:06:00', 241, 34),
(242, 'Vestido de Fiesta', 'Vestido largo para eventos', 89.99, 'available', '2025-07-31 21:06:00', 242, 2),
(243, 'Mesa Plegable', 'Mesa portátil para camping', 49.99, 'available', '2025-07-31 21:06:00', 243, 27),
(244, 'Cinta Elástica', 'Cinta para ejercicios de resistencia', 12.99, 'available', '2025-07-31 21:06:00', 244, 19),
(245, 'Libro de Ensayos', 'Ensayos sobre cultura moderna', 14.99, 'available', '2025-07-31 21:06:00', 245, 5),
(246, 'Robot Educativo', 'Robot para aprender programación', 59.99, 'unavailable', '2025-07-31 21:06:00', 246, 6),
(247, 'Tónico Capilar', 'Tónico para fortalecer el cabello', 19.99, 'available', '2025-07-31 21:06:00', 247, 7),
(248, 'Cámara Mirrorless', 'Cámara sin espejo de 24MP', 699.99, 'available', '2025-07-31 21:06:00', 248, 22),
(249, 'Batería Acústica', 'Set de batería profesional', 599.99, 'available', '2025-07-31 21:06:00', 249, 26),
(250, 'Lámpara de Pared', 'Lámpara decorativa para dormitorio', 34.99, 'available', '2025-07-31 21:06:00', 250, 32);

-- Bloque 5: IDs 251-300
INSERT INTO products (product_id, product_name, product_description, product_price, product_stock, product_publication_date, profile_id, category_id) VALUES
(251, 'Smartphone 5G', 'Teléfono con conectividad 5G', 499.99, 'available', '2025-07-31 21:06:00', 251, 35),
(252, 'Zapatillas Casuales', 'Zapatillas cómodas para diario', 39.99, 'available', '2025-07-31 21:06:00', 252, 2),
(253, 'Silla Ergonómica', 'Silla ajustable para oficina', 149.99, 'available', '2025-07-31 21:06:00', 253, 33),
(254, 'Set de Golf Mini', 'Kit de golf para práctica', 29.99, 'available', '2025-07-31 21:06:00', 254, 4),
(255, 'Libro de Poesía', 'Antología de poesía moderna', 12.99, 'available', '2025-07-31 21:06:00', 255, 5),
(256, 'Peluche de Perro', 'Peluche suave para niños', 19.99, 'unavailable', '2025-07-31 21:06:00', 256, 6),
(257, 'Crema Exfoliante', 'Crema para piel muerta', 14.99, 'available', '2025-07-31 21:06:00', 257, 7),
(258, 'Cámara de Fotos', 'Cámara compacta para viajes', 149.99, 'available', '2025-07-31 21:06:00', 258, 22),
(259, 'Ukelele Eléctrico', 'Ukelele con amplificación', 99.99, 'available', '2025-07-31 21:06:00', 259, 26),
(260, 'Lámpara de Mesa LED', 'Lámpara con luz ajustable', 29.99, 'available', '2025-07-31 21:06:00', 260, 32),
(261, 'Router Inalámbrico', 'Router para conexión estable', 69.99, 'available', '2025-07-31 21:06:00', 261, 45),
(262, 'Chaqueta Deportiva', 'Chaqueta ligera para running', 49.99, 'available', '2025-07-31 21:06:00', 262, 2),
(263, 'Mesa de Madera', 'Mesa para comedor de 8 plazas', 299.99, 'available', '2025-07-31 21:06:00', 263, 33),
(264, 'Pelota de Rugby', 'Balón oficial para rugby', 34.99, 'available', '2025-07-31 21:06:00', 264, 4),
(265, 'Libro de Historia', 'Historia del arte renacentista', 18.99, 'available', '2025-07-31 21:06:00', 265, 5),
(266, 'Set de Construcción', 'Bloques de construcción magnéticos', 39.99, 'unavailable', '2025-07-31 21:06:00', 266, 6),
(267, 'Perfume Floral', 'Fragancia de 50ml para mujer', 59.99, 'available', '2025-07-31 21:06:00', 267, 7),
(268, 'Cámara de Acción 4K', 'Cámara resistente para deportes', 129.99, 'available', '2025-07-31 21:06:00', 268, 22),
(269, 'Saxofón Alto', 'Saxofón para principiantes', 349.99, 'available', '2025-07-31 21:06:00', 269, 26),
(270, 'Lámpara Solar LED', 'Lámpara para jardín', 24.99, 'available', '2025-07-31 21:06:00', 270, 32),
(271, 'Disco Duro SSD', 'SSD de 1TB para laptops', 99.99, 'available', '2025-07-31 21:06:00', 271, 47),
(272, 'Camisa Casual', 'Camisa de algodón para hombre', 29.99, 'available', '2025-07-31 21:06:00', 272, 2),
(273, 'Sofá de 2 Plazas', 'Sofá compacto para espacios pequeños', 399.99, 'available', '2025-07-31 21:06:00', 273, 33),
(274, 'Set de Pesas', 'Pesas ajustables para gimnasio', 79.99, 'available', '2025-07-31 21:06:00', 274, 19),
(275, 'Libro de Cocina', 'Recetas saludables para el hogar', 14.99, 'available', '2025-07-31 21:06:00', 275, 5),
(276, 'Coche de Juguete', 'Auto de carreras a control remoto', 29.99, 'unavailable', '2025-07-31 21:06:00', 276, 6),
(277, 'Crema Antiarrugas', 'Crema para piel madura', 39.99, 'available', '2025-07-31 21:06:00', 277, 7),
(278, 'Cámara Reflex', 'Cámara con sensor APS-C', 499.99, 'available', '2025-07-31 21:06:00', 278, 22),
(279, 'Piano Eléctrico', 'Piano digital de 61 teclas', 249.99, 'available', '2025-07-31 21:06:00', 279, 26),
(280, 'Lámpara de Pared', 'Lámpara moderna para sala', 49.99, 'available', '2025-07-31 21:06:00', 280, 32),
(281, 'Teclado Inalámbrico', 'Teclado ergonómico para oficina', 39.99, 'available', '2025-07-31 21:06:00', 281, 34),
(282, 'Falda de Moda', 'Falda plisada para mujer', 34.99, 'available', '2025-07-31 21:06:00', 282, 2),
(283, 'Escritorio de Vidrio', 'Escritorio moderno para oficina', 129.99, 'available', '2025-07-31 21:06:00', 283, 33),
(284, 'Banda de Resistencia', 'Set de bandas para fitness', 19.99, 'available', '2025-07-31 21:06:00', 284, 19),
(285, 'Libro de Aventuras', 'Novela de acción para jóvenes', 13.99, 'available', '2025-07-31 21:06:00', 285, 5),
(286, 'Peluche de Gato', 'Peluche suave de 30 cm', 19.99, 'unavailable', '2025-07-31 21:06:00', 286, 6),
(287, 'Tónico Facial', 'Tónico refrescante para piel', 14.99, 'available', '2025-07-31 21:06:00', 287, 7),
(288, 'Cámara Instantánea', 'Cámara para fotos instantáneas', 99.99, 'available', '2025-07-31 21:06:00', 288, 22),
(289, 'Trompeta', 'Trompeta de latón para principiantes', 199.99, 'available', '2025-07-31 21:06:00', 289, 26),
(290, 'Lámpara de Techo', 'Lámpara LED para comedor', 79.99, 'available', '2025-07-31 21:06:00', 290, 32),
(291, 'Mouse Gaming', 'Mouse con iluminación RGB', 49.99, 'available', '2025-07-31 21:06:00', 291, 38),
(292, 'Chaleco de Moda', 'Chaleco elegante para hombre', 39.99, 'available', '2025-07-31 21:06:00', 292, 2),
(293, 'Cama Doble', 'Cama con estructura de madera', 349.99, 'available', '2025-07-31 21:06:00', 293, 33),
(294, 'Colchoneta de Yoga', 'Colchoneta antideslizante', 24.99, 'available', '2025-07-31 21:06:00', 294, 19),
(295, 'Libro Infantil', 'Cuento ilustrado para niños', 9.99, 'available', '2025-07-31 21:06:00', 295, 5),
(296, 'Juego de Mesa', 'Juego de estrategia para familias', 34.99, 'unavailable', '2025-07-31 21:06:00', 296, 6),
(297, 'Crema Solar', 'Protector solar SPF 30', 12.99, 'available', '2025-07-31 21:06:00', 297, 7),
(298, 'Cámara de Seguridad', 'Cámara con visión nocturna', 89.99, 'available', '2025-07-31 21:06:00', 298, 44),
(299, 'Violín Eléctrico', 'Violín con amplificación', 299.99, 'available', '2025-07-31 21:06:00', 299, 26),
(300, 'Lámpara de Escritorio', 'Lámpara LED con carga USB', 29.99, 'available', '2025-07-31 21:06:00', 300, 32);

-- Bloque 6: IDs 301-350
INSERT INTO products (product_id, product_name, product_description, product_price, product_stock, product_publication_date, profile_id, category_id) VALUES
(301, 'Tablet 8 Pulgadas', 'Tablet con pantalla HD', 149.99, 'available', '2025-07-31 21:06:00', 301, 16),
(302, 'Sudadera Casual', 'Sudadera cómoda para diario', 29.99, 'available', '2025-07-31 21:06:00', 302, 2),
(303, 'Mesa de Comedor', 'Mesa de madera para 6 personas', 249.99, 'available', '2025-07-31 21:06:00', 303, 33),
(304, 'Caña de Pescar', 'Caña telescópica para pesca', 39.99, 'available', '2025-07-31 21:06:00', 304, 28),
(305, 'Libro de Ciencia Ficción', 'Novela de mundos futuristas', 14.99, 'available', '2025-07-31 21:06:00', 305, 5),
(306, 'Muñeca Coleccionable', 'Muñeca de edición limitada', 49.99, 'unavailable', '2025-07-31 21:06:00', 306, 6),
(307, 'Gel de Baño', 'Gel con aroma a lavanda', 9.99, 'available', '2025-07-31 21:06:00', 307, 7),
(308, 'Cámara de Acción', 'Cámara resistente al agua', 129.99, 'available', '2025-07-31 21:06:00', 308, 22),
(309, 'Guitarra Eléctrica', 'Guitarra con cuerdas de acero', 249.99, 'available', '2025-07-31 21:06:00', 309, 26),
(310, 'Lámpara Solar', 'Lámpara para exteriores', 24.99, 'available', '2025-07-31 21:06:00', 310, 32),
(311, 'Monitor 24 Pulgadas', 'Monitor Full HD para oficina', 149.99, 'available', '2025-07-31 21:06:00', 311, 34),
(312, 'Camisa de Manga Larga', 'Camisa formal para hombre', 34.99, 'available', '2025-07-31 21:06:00', 312, 2),
(313, 'Sillón de Sala', 'Sillón cómodo para descanso', 199.99, 'available', '2025-07-31 21:06:00', 313, 33),
(314, 'Pelota de Fútbol', 'Balón oficial para partidos', 29.99, 'available', '2025-07-31 21:06:00', 314, 4),
(315, 'Libro de Historia', 'Crónica de la Segunda Guerra', 16.99, 'available', '2025-07-31 21:06:00', 315, 5),
(316, 'Juego de Construcción', 'Set de bloques para niños', 39.99, 'unavailable', '2025-07-31 21:06:00', 316, 6),
(317, 'Crema Facial', 'Crema hidratante para piel seca', 19.99, 'available', '2025-07-31 21:06:00', 317, 7),
(318, 'Trípode para Cámara', 'Trípode ligero para fotografía', 29.99, 'available', '2025-07-31 21:06:00', 318, 22),
(319, 'Teclado Musical', 'Teclado de 61 teclas', 149.99, 'available', '2025-07-31 21:06:00', 319, 26),
(320, 'Lámpara de Mesa', 'Lámpara LED para escritorio', 34.99, 'available', '2025-07-31 21:06:00', 320, 32),
(321, 'Disco Duro Externo', 'Disco de 2TB para backups', 89.99, 'available', '2025-07-31 21:06:00', 321, 47),
(322, 'Pantalones Casuales', 'Pantalones cómodos para diario', 39.99, 'available', '2025-07-31 21:06:00', 322, 2),
(323, 'Estantería de Pared', 'Estantería decorativa para libros', 69.99, 'available', '2025-07-31 21:06:00', 323, 33),
(324, 'Cinta de Correr', 'Cinta eléctrica para hogar', 499.99, 'available', '2025-07-31 21:06:00', 324, 19),
(325, 'Libro de Poesía', 'Antología de poetas latinos', 12.99, 'available', '2025-07-31 21:06:00', 325, 5),
(326, 'Tren Eléctrico', 'Set de tren para niños', 49.99, 'unavailable', '2025-07-31 21:06:00', 326, 6),
(327, 'Exfoliante Corporal', 'Exfoliante natural para piel', 14.99, 'available', '2025-07-31 21:06:00', 327, 7),
(328, 'Cámara Web HD', 'Cámara para videoconferencias', 49.99, 'available', '2025-07-31 21:06:00', 328, 34),
(329, 'Flauta Dulce', 'Flauta para principiantes', 14.99, 'available', '2025-07-31 21:06:00', 329, 26),
(330, 'Lámpara de Pared', 'Lámpara moderna para sala', 39.99, 'available', '2025-07-31 21:06:00', 330, 32),
(331, 'SSD 256GB', 'Disco sólido para laptops', 59.99, 'available', '2025-07-31 21:06:00', 331, 47),
(332, 'Vestido Casual', 'Vestido ligero para verano', 34.99, 'available', '2025-07-31 21:06:00', 332, 2),
(333, 'Mueble de TV', 'Mueble moderno para televisor', 129.99, 'available', '2025-07-31 21:06:00', 333, 33),
(334, 'Banda Elástica', 'Set de bandas para entrenamiento', 19.99, 'available', '2025-07-31 21:06:00', 334, 19),
(335, 'Libro de Aventuras', 'Novela de acción para jóvenes', 13.99, 'available', '2025-07-31 21:06:00', 335, 5),
(336, 'Figura de Acción', 'Figura de superhéroe coleccionable', 24.99, 'unavailable', '2025-07-31 21:06:00', 336, 6),
(337, 'Tónico Facial', 'Tónico para piel grasa', 14.99, 'available', '2025-07-31 21:06:00', 337, 7),
(338, 'Cámara Reflex', 'Cámara con lente intercambiable', 599.99, 'available', '2025-07-31 21:06:00', 338, 22),
(339, 'Bajo Eléctrico', 'Bajo de 4 cuerdas para principiantes', 249.99, 'available', '2025-07-31 21:06:00', 339, 26),
(340, 'Lámpara de Techo', 'Lámpara LED para comedor', 79.99, 'available', '2025-07-31 21:06:00', 340, 32),
(341, 'Teclado Mecánico', 'Teclado RGB para gaming', 99.99, 'available', '2025-07-31 21:06:00', 341, 38),
(342, 'Chaqueta de Invierno', 'Chaqueta térmica para hombre', 79.99, 'available', '2025-07-31 21:06:00', 342, 2),
(343, 'Silla de Oficina', 'Silla ergonómica con soporte', 149.99, 'available', '2025-07-31 21:06:00', 343, 33),
(344, 'Pelota de Tenis', 'Set de 3 pelotas para tenis', 9.99, 'available', '2025-07-31 21:06:00', 344, 4),
(345, 'Libro de Historia', 'Historia del arte contemporáneo', 18.99, 'available', '2025-07-31 21:06:00', 345, 5),
(346, 'Peluche de Oso', 'Peluche grande para niños', 29.99, 'unavailable', '2025-07-31 21:06:00', 346, 6),
(347, 'Crema Hidratante', 'Crema para piel seca', 19.99, 'available', '2025-07-31 21:06:00', 347, 7),
(348, 'Cámara de Seguridad', 'Cámara con visión nocturna', 89.99, 'available', '2025-07-31 21:06:00', 348, 44),
(349, 'Saxofón Tenor', 'Saxofón para músicos avanzados', 499.99, 'available', '2025-07-31 21:06:00', 349, 26),
(350, 'Lámpara de Pared', 'Lámpara decorativa para dormitorio', 34.99, 'available', '2025-07-31 21:06:00', 350, 32);

-- Bloque 7: IDs 351-400
INSERT INTO products (product_id, product_name, product_description, product_price, product_stock, product_publication_date, profile_id, category_id) VALUES
(351, 'Smartwatch Fitness', 'Reloj para monitoreo de actividad', 99.99, 'available', '2025-07-31 21:06:00', 351, 42),
(352, 'Zapatillas Deportivas', 'Zapatillas para correr', 59.99, 'available', '2025-07-31 21:06:00', 352, 2),
(353, 'Mesa de Centro', 'Mesa de vidrio para sala', 99.99, 'available', '2025-07-31 21:06:00', 353, 33),
(354, 'Set de Camping', 'Kit de camping con linterna', 49.99, 'available', '2025-07-31 21:06:00', 354, 27),
(355, 'Libro de Terror', 'Novela de terror psicológico', 14.99, 'available', '2025-07-31 21:06:00', 355, 5),
(356, 'Muñeca de Trapo', 'Muñeca artesanal para niños', 19.99, 'unavailable', '2025-07-31 21:06:00', 356, 6),
(357, 'Crema de Afeitar', 'Crema suave para piel sensible', 9.99, 'available', '2025-07-31 21:06:00', 357, 7),
(358, 'Cámara de Drones', 'Cámara para drones 4K', 199.99, 'available', '2025-07-31 21:06:00', 358, 39),
(359, 'Guitarra Clásica', 'Guitarra de madera para principiantes', 129.99, 'available', '2025-07-31 21:06:00', 359, 26),
(360, 'Lámpara de Jardín', 'Lámpara solar para exteriores', 34.99, 'available', '2025-07-31 21:06:00', 360, 32),
(361, 'Consola de Videojuegos', 'Consola de última generación', 399.99, 'available', '2025-07-31 21:06:00', 361, 24),
(362, 'Camiseta Deportiva', 'Camiseta transpirable para gimnasio', 24.99, 'available', '2025-07-31 21:06:00', 362, 2),
(363, 'Silla de Comedor', 'Silla acolchada para comedor', 69.99, 'available', '2025-07-31 21:06:00', 363, 33),
(364, 'Set de Pesca', 'Kit completo para pesca recreativa', 59.99, 'available', '2025-07-31 21:06:00', 364, 28),
(365, 'Libro de Ciencia', 'Texto sobre avances científicos', 19.99, 'available', '2025-07-31 21:06:00', 365, 5),
(366, 'Coche de Control Remoto', 'Auto de juguete con batería', 29.99, 'unavailable', '2025-07-31 21:06:00', 366, 6),
(367, 'Loción Corporal', 'Loción hidratante con aloe vera', 12.99, 'available', '2025-07-31 21:06:00', 367, 7),
(368, 'Trípode Flexible', 'Trípode para cámaras compactas', 19.99, 'available', '2025-07-31 21:06:00', 368, 22),
(369, 'Violonchelo', 'Violonchelo para estudiantes', 499.99, 'available', '2025-07-31 21:06:00', 369, 26),
(370, 'Lámpara de Pared LED', 'Lámpara moderna para interiores', 39.99, 'available', '2025-07-31 21:06:00', 370, 32),
(371, 'Auriculares Gaming', 'Auriculares con micrófono para juegos', 79.99, 'available', '2025-07-31 21:06:00', 371, 38),
(372, 'Pantalones de Vestir', 'Pantalones formales para hombre', 49.99, 'available', '2025-07-31 21:06:00', 372, 2),
(373, 'Mueble Organizador', 'Mueble con cajones para oficina', 89.99, 'available', '2025-07-31 21:06:00', 373, 33),
(374, 'Bicicleta de Montaña', 'Bicicleta con suspensión doble', 299.99, 'available', '2025-07-31 21:06:00', 374, 29),
(375, 'Libro de Historia Moderna', 'Ensayo sobre eventos del siglo XX', 16.99, 'available', '2025-07-31 21:06:00', 375, 5),
(376, 'Set de Legos', 'Set de construcción para niños', 49.99, 'unavailable', '2025-07-31 21:06:00', 376, 6),
(377, 'Mascarilla Hidratante', 'Mascarilla para piel seca', 14.99, 'available', '2025-07-31 21:06:00', 377, 7),
(378, 'Cámara para Vlogs', 'Cámara ligera para grabación', 249.99, 'available', '2025-07-31 21:06:00', 378, 22),
(379, 'Teclado Electrónico', 'Teclado de 76 teclas', 199.99, 'available', '2025-07-31 21:06:00', 379, 26),
(380, 'Lámpara de Mesa', 'Lámpara regulable para estudio', 29.99, 'available', '2025-07-31 21:06:00', 380, 32),
(381, 'Memoria USB 128GB', 'Memoria USB de alta velocidad', 24.99, 'available', '2025-07-31 21:06:00', 381, 47),
(382, 'Sudadera con Capucha', 'Sudadera cómoda para invierno', 34.99, 'available', '2025-07-31 21:06:00', 382, 2),
(383, 'Sofá Esquinero', 'Sofá modular para sala grande', 699.99, 'available', '2025-07-31 21:06:00', 383, 33),
(384, 'Set de Tenis', 'Raquetas y pelotas para tenis', 79.99, 'available', '2025-07-31 21:06:00', 384, 4),
(385, 'Libro de Literatura', 'Clásicos de la literatura universal', 15.99, 'available', '2025-07-31 21:12:00', 385, 5),
(386, 'Juego de Coches', 'Set de autos de carreras', 29.99, 'unavailable', '2025-07-31 21:12:00', 386, 6),
(387, 'Crema Hidratante', 'Crema para pieles sensibles', 19.99, 'available', '2025-07-31 21:12:00', 387, 7),
(388, 'Cámara de Seguridad Wi-Fi', 'Cámara con conexión a smartphone', 99.99, 'available', '2025-07-31 21:12:00', 388, 44),
(389, 'Flauta Travesera', 'Flauta para músicos intermedios', 299.99, 'available', '2025-07-31 21:12:00', 389, 26),
(390, 'Lámpara de Techo LED', 'Lámpara moderna para comedor', 89.99, 'available', '2025-07-31 21:12:00', 390, 32),
(391, 'Laptop Gaming', 'Laptop con GPU dedicada', 1299.99, 'available', '2025-07-31 21:12:00', 391, 34),
(392, 'Vestido de Fiesta', 'Vestido largo para eventos', 89.99, 'available', '2025-07-31 21:12:00', 392, 2),
(393, 'Mesa Plegable', 'Mesa portátil para camping', 49.99, 'available', '2025-07-31 21:12:00', 393, 27),
(394, 'Cinta Elástica', 'Cinta para ejercicios de resistencia', 12.99, 'available', '2025-07-31 21:12:00', 394, 19),
(395, 'Libro de Ensayos', 'Ensayos sobre cultura moderna', 14.99, 'available', '2025-07-31 21:12:00', 395, 5),
(396, 'Robot Educativo', 'Robot para aprender programación', 59.99, 'unavailable', '2025-07-31 21:12:00', 396, 6),
(397, 'Tónico Capilar', 'Tónico para fortalecer el cabello', 19.99, 'available', '2025-07-31 21:12:00', 397, 7),
(398, 'Cámara Mirrorless', 'Cámara sin espejo de 24MP', 699.99, 'available', '2025-07-31 21:12:00', 398, 22),
(399, 'Batería Acústica', 'Set de batería profesional', 599.99, 'available', '2025-07-31 21:12:00', 399, 26),
(400, 'Lámpara de Pared', 'Lámpara decorativa para dormitorio', 34.99, 'available', '2025-07-31 21:12:00', 400, 32);

-- Bloque 8: IDs 401-450
INSERT INTO products (product_id, product_name, product_description, product_price, product_stock, product_publication_date, profile_id, category_id) VALUES
(401, 'Smartphone Pro', 'Teléfono con cámara de 108MP', 699.99, 'available', '2025-07-31 21:12:00', 401, 35),
(402, 'Zapatillas de Moda', 'Zapatillas urbanas para mujer', 49.99, 'available', '2025-07-31 21:12:00', 402, 2),
(403, 'Sillón Reclinable', 'Sillón con función de masaje', 299.99, 'available', '2025-07-31 21:12:00', 403, 33),
(404, 'Red de Bádminton', 'Red portátil para bádminton', 29.99, 'available', '2025-07-31 21:12:00', 404, 4),
(405, 'Libro de Fantasía', 'Novela épica de fantasía', 16.99, 'available', '2025-07-31 21:12:00', 405, 5),
(406, 'Peluche de Unicornio', 'Peluche suave para niños', 19.99, 'unavailable', '2025-07-31 21:12:00', 406, 6),
(407, 'Sérum Facial', 'Sérum con ácido hialurónico', 24.99, 'available', '2025-07-31 21:12:00', 407, 7),
(408, 'Cámara de Acción 4K', 'Cámara resistente para deportes', 149.99, 'available', '2025-07-31 21:12:00', 408, 22),
(409, 'Ukelele Soprano', 'Ukelele para principiantes', 49.99, 'available', '2025-07-31 21:12:00', 409, 26),
(410, 'Lámpara Solar LED', 'Lámpara para exteriores', 24.99, 'available', '2025-07-31 21:12:00', 410, 32),
(411, 'Monitor 27 Pulgadas', 'Monitor 4K para gaming', 349.99, 'available', '2025-07-31 21:12:00', 411, 34),
(412, 'Camisa Casual', 'Camisa de algodón para hombre', 29.99, 'available', '2025-07-31 21:12:00', 412, 2),
(413, 'Estantería de Pared', 'Estantería decorativa para libros', 79.99, 'available', '2025-07-31 21:12:00', 413, 33),
(414, 'Set de Mancuernas', 'Mancuernas ajustables de 10 kg', 59.99, 'available', '2025-07-31 21:12:00', 414, 19),
(415, 'Libro de Biografía', 'Biografía de un líder mundial', 18.99, 'available', '2025-07-31 21:12:00', 415, 5),
(416, 'Pista de Carreras', 'Pista de autos para niños', 39.99, 'unavailable', '2025-07-31 21:12:00', 416, 6),
(417, 'Crema Antiarrugas', 'Crema rejuvenecedora para rostro', 29.99, 'available', '2025-07-31 21:12:00', 417, 7),
(418, 'Cámara Compacta', 'Cámara portátil de 20MP', 199.99, 'available', '2025-07-31 21:12:00', 418, 22),
(419, 'Batería Electrónica', 'Batería compacta para práctica', 299.99, 'available', '2025-07-31 21:12:00', 419, 26),
(420, 'Lámpara de Noche', 'Lámpara táctil para mesita', 24.99, 'available', '2025-07-31 21:12:00', 420, 32),
(421, 'Tarjeta Gráfica', 'GPU de 8GB para gaming', 399.99, 'available', '2025-07-31 21:12:00', 421, 34),
(422, 'Gorra Deportiva', 'Gorra ajustable para deportes', 14.99, 'available', '2025-07-31 21:12:00', 422, 2),
(423, 'Sofá de Cuero', 'Sofá de 3 plazas premium', 799.99, 'available', '2025-07-31 21:12:00', 423, 33),
(424, 'Tabla de Surf', 'Tabla para principiantes', 249.99, 'available', '2025-07-31 21:12:00', 424, 4),
(425, 'Libro de Cocina Regional', 'Recetas tradicionales latinas', 17.99, 'available', '2025-07-31 21:12:00', 425, 5),
(426, 'Juego de Construcción', 'Set de bloques magnéticos', 39.99, 'unavailable', '2025-07-31 21:12:00', 426, 6),
(427, 'Sérum Facial', 'Sérum con vitamina C', 29.99, 'available', '2025-07-31 21:12:00', 427, 7),
(428, 'Cámara de Viaje', 'Cámara ligera para aventuras', 149.99, 'available', '2025-07-31 21:12:00', 428, 22),
(429, 'Saxofón Tenor', 'Saxofón para músicos avanzados', 499.99, 'available', '2025-07-31 21:12:00', 429, 26),
(430, 'Lámpara de Cristal', 'Lámpara decorativa para comedor', 99.99, 'available', '2025-07-31 21:12:00', 430, 32),
(431, 'Smart TV 65 Pulgadas', 'Televisor LED con resolución 4K', 799.99, 'available', '2025-07-31 21:12:00', 431, 37),
(432, 'Zapatos de Vestir', 'Zapatos de cuero para hombre', 79.99, 'available', '2025-07-31 21:12:00', 432, 2),
(433, 'Mesa de Trabajo', 'Mesa ajustable para oficina', 129.99, 'available', '2025-07-31 21:12:00', 433, 33),
(434, 'Set de Camping', 'Kit de camping con linterna', 49.99, 'available', '2025-07-31 21:12:00', 434, 27),
(435, 'Libro de Terror', 'Novela de terror psicológico', 14.99, 'available', '2025-07-31 21:12:00', 435, 5),
(436, 'Muñeca de Trapo', 'Muñeca artesanal para niños', 19.99, 'unavailable', '2025-07-31 21:12:00', 436, 6),
(437, 'Crema de Afeitar', 'Crema suave para piel sensible', 9.99, 'available', '2025-07-31 21:12:00', 437, 7),
(438, 'Cámara de Drones', 'Cámara para drones 4K', 199.99, 'available', '2025-07-31 21:12:00', 438, 39),
(439, 'Guitarra Clásica', 'Guitarra de madera para principiantes', 129.99, 'available', '2025-07-31 21:12:00', 439, 26),
(440, 'Lámpara de Jardín', 'Lámpara solar para exteriores', 34.99, 'available', '2025-07-31 21:12:00', 440, 32),
(441, 'Consola de Videojuegos', 'Consola de última generación', 399.99, 'available', '2025-07-31 21:12:00', 441, 24),
(442, 'Camiseta Deportiva', 'Camiseta transpirable para gimnasio', 24.99, 'available', '2025-07-31 21:12:00', 442, 2),
(443, 'Silla de Comedor', 'Silla acolchada para comedor', 69.99, 'available', '2025-07-31 21:12:00', 443, 33),
(444, 'Set de Pesca', 'Kit completo para pesca recreativa', 59.99, 'available', '2025-07-31 21:12:00', 444, 28),
(445, 'Libro de Ciencia', 'Texto sobre avances científicos', 19.99, 'available', '2025-07-31 21:12:00', 445, 5),
(446, 'Coche de Control Remoto', 'Auto de juguete con batería', 29.99, 'unavailable', '2025-07-31 21:12:00', 446, 6),
(447, 'Loción Corporal', 'Loción hidratante con aloe vera', 12.99, 'available', '2025-07-31 21:12:00', 447, 7),
(448, 'Trípode Flexible', 'Trípode para cámaras compactas', 19.99, 'available', '2025-07-31 21:12:00', 448, 22),
(449, 'Violonchelo', 'Violonchelo para estudiantes', 499.99, 'available', '2025-07-31 21:12:00', 449, 26),
(450, 'Lámpara de Pared LED', 'Lámpara moderna para interiores', 39.99, 'available', '2025-07-31 21:12:00', 450, 32);

-- Bloque 9: IDs 451-500
INSERT INTO products (product_id, product_name, product_description, product_price, product_stock, product_publication_date, profile_id, category_id) VALUES
(451, 'Auriculares Inalámbricos', 'Auriculares con cancelación de ruido', 89.99, 'available', '2025-07-31 21:12:00', 451, 36),
(452, 'Chaqueta de Cuero', 'Chaqueta clásica para hombre', 99.99, 'available', '2025-07-31 21:12:00', 452, 2),
(453, 'Sofá Cama', 'Sofá convertible en cama doble', 399.99, 'available', '2025-07-31 21:12:00', 453, 33),
(454, 'Red de Voleibol', 'Red portátil para voleibol', 29.99, 'available', '2025-07-31 21:12:00', 454, 4),
(455, 'Libro de Misterio', 'Novela de suspense intrigante', 13.99, 'available', '2025-07-31 21:12:00', 455, 5),
(456, 'Muñeco de Peluche', 'Peluche de animal para niños', 19.99, 'unavailable', '2025-07-31 21:12:00', 456, 6),
(457, 'Mascarilla de Colágeno', 'Mascarilla rejuvenecedora', 9.99, 'available', '2025-07-31 21:12:00', 457, 7),
(458, 'Cámara 360', 'Cámara para grabación panorámica', 199.99, 'available', '2025-07-31 21:12:00', 458, 22),
(459, 'Guitarra Acústica', 'Guitarra de cuerdas de nylon', 149.99, 'available', '2025-07-31 21:12:00', 459, 26),
(460, 'Lámpara de Lava', 'Lámpara decorativa retro', 24.99, 'available', '2025-07-31 21:12:00', 460, 32),
(461, 'Impresora Láser', 'Impresora monocromática para oficina', 129.99, 'available', '2025-07-31 21:12:00', 461, 46),
(462, 'Camisa Formal', 'Camisa de vestir para hombre', 34.99, 'available', '2025-07-31 21:12:00', 462, 2),
(463, 'Biblioteca de Madera', 'Estantería para libros y decoraciones', 199.99, 'available', '2025-07-31 21:12:00', 463, 33),
(464, 'Pelota de Baloncesto', 'Balón oficial para cancha', 24.99, 'available', '2025-07-31 21:12:00', 464, 4),
(465, 'Libro de Autoayuda', 'Guía para el crecimiento personal', 15.99, 'available', '2025-07-31 21:12:00', 465, 5),
(466, 'Juego de Mesa', 'Juego estratégico para familias', 29.99, 'unavailable', '2025-07-31 21:12:00', 466, 6),
(467, 'Jabón Artesanal', 'Jabón natural de lavanda', 7.99, 'available', '2025-07-31 21:12:00', 467, 7),
(468, 'Cámara de Vigilancia', 'Cámara con visión nocturna', 89.99, 'available', '2025-07-31 21:12:00', 468, 44),
(469, 'Bajo Eléctrico', 'Bajo de 4 cuerdas para principiantes', 249.99, 'available', '2025-07-31 21:12:00', 469, 26),
(470, 'Lámpara LED RGB', 'Lámpara con cambio de colores', 39.99, 'available', '2025-07-31 21:12:00', 470, 32),
(471, 'SSD 500GB', 'Disco sólido para alto rendimiento', 79.99, 'available', '2025-07-31 21:12:00', 471, 47),
(472, 'Pantalones Deportivos', 'Pantalones cómodos para gimnasio', 29.99, 'available', '2025-07-31 21:12:00', 472, 2),
(473, 'Mesa de Centro', 'Mesa de vidrio para sala', 99.99, 'available', '2025-07-31 21:12:00', 473, 33),
(474, 'Set de Golf', 'Palos de golf para principiantes', 199.99, 'available', '2025-07-31 21:12:00', 474, 4),
(475, 'Libro de Fantasía', 'Novela épica de fantasía', 16.99, 'available', '2025-07-31 21:12:00', 475, 5),
(476, 'Rompecabezas 3D', 'Puzzle de arquitectura en 3D', 34.99, 'unavailable', '2025-07-31 21:12:00', 476, 6),
(477, 'Crema de Manos', 'Crema hidratante para manos secas', 8.99, 'available', '2025-07-31 21:12:00', 477, 7),
(478, 'Lente Gran Angular', 'Lente para paisajes y arquitectura', 149.99, 'available', '2025-07-31 21:12:00', 478, 22),
(479, 'Clarinete', 'Clarinete para estudiantes', 199.99, 'available', '2025-07-31 21:12:00', 479, 26),
(480, 'Lámpara de Exterior', 'Lámpara resistente al agua', 49.99, 'available', '2025-07-31 21:12:00', 480, 32),
(481, 'Monitor Curvo', 'Monitor de 32 pulgadas para gaming', 349.99, 'available', '2025-07-31 21:12:00', 481, 34),
(482, 'Vestido Casual', 'Vestido ligero para verano', 39.99, 'available', '2025-07-31 21:12:00', 482, 2),
(483, 'Cama King', 'Cama con cabecera de madera', 499.99, 'available', '2025-07-31 21:12:00', 483, 33),
(484, 'Cuerda de Saltar', 'Cuerda ajustable para ejercicio', 9.99, 'available', '2025-07-31 21:12:00', 484, 19),
(485, 'Libro de Viajes', 'Guía de destinos exóticos', 14.99, 'available', '2025-07-31 21:12:00', 485, 5),
(486, 'Casa de Muñecas', 'Casa de madera para muñecas', 59.99, 'unavailable', '2025-07-31 21:12:00', 486, 6),
(487, 'Exfoliante Facial', 'Exfoliante suave para piel mixta', 12.99, 'available', '2025-07-31 21:12:00', 487, 7),
(488, 'Cámara Compacta', 'Cámara portátil de 20MP', 199.99, 'available', '2025-07-31 21:12:00', 488, 22),
(489, 'Batería Electrónica', 'Batería compacta para práctica', 299.99, 'available', '2025-07-31 21:12:00', 489, 26),
(490, 'Lámpara de Noche', 'Lámpara táctil para mesita', 24.99, 'available', '2025-07-31 21:12:00', 490, 32),
(491, 'Tarjeta Gráfica', 'GPU de 8GB para gaming', 399.99, 'available', '2025-07-31 21:12:00', 491, 34),
(492, 'Gorra Deportiva', 'Gorra ajustable para deportes', 14.99, 'available', '2025-07-31 21:12:00', 492, 2),
(493, 'Sofá de Cuero', 'Sofá de 3 plazas premium', 799.99, 'available', '2025-07-31 21:12:00', 493, 33),
(494, 'Tabla de Surf', 'Tabla para principiantes', 249.99, 'available', '2025-07-31 21:12:00', 494, 4),
(495, 'Libro de Cocina Regional', 'Recetas tradicionales latinas', 17.99, 'available', '2025-07-31 21:12:00', 495, 5),
(496, 'Juego de Construcción', 'Set de bloques magnéticos', 39.99, 'unavailable', '2025-07-31 21:12:00', 496, 6),
(497, 'Sérum Facial', 'Sérum con vitamina C', 29.99, 'available', '2025-07-31 21:12:00', 497, 7),
(498, 'Cámara de Viaje', 'Cámara ligera para aventuras', 149.99, 'available', '2025-07-31 21:12:00', 498, 22),
(499, 'Saxofón Tenor', 'Saxofón para músicos avanzados', 499.99, 'available', '2025-07-31 21:12:00', 499, 26),
(500, 'Lámpara de Cristal', 'Lámpara decorativa para comedor', 99.99, 'available', '2025-07-31 21:12:00', 500, 32);


--------------------------
INSERT INTO profiles (profile_id, user_id, profile_name, profile_description) VALUES
(501, 501, 'Juan García', 'Usuario apasionado por la tecnología'),
(52, 52, 'María López', 'Amante de la lectura y la música'),
(53, 53, 'Carlos Martínez', 'Desarrollador web en formación'),
(54, 54, 'Ana Rodríguez', 'Interesada en la fotografía'),
(55, 55, 'Luis Pérez', 'Fanático de los videojuegos'),
(56, 56, 'Sofía Gómez', 'Diseñadora gráfica creativa'),
(57, 57, 'Diego Sánchez', 'Estudiante de ingeniería'),
(58, 58, 'Laura Fernández', 'Apasionada por el arte'),
(59, 59, 'Javier Ramírez', 'Entusiasta de la programación'),
(60, 60, 'Carmen Torres', 'Aficionada a la cocina'),
(61, 61, 'Miguel Díaz', 'Amateur en deportes extremos'),
(62, 62, 'Elena Vásquez', 'Escritora en desarrollo'),
(63, 63, 'Andrés Moreno', 'Fan del cine clásico'),
(64, 64, 'Isabel Muñoz', 'Especialista en marketing'),
(65, 65, 'Pablo Álvarez', 'Amante de los animales'),
(66, 66, 'Lucía Romero', 'Estudiante de medicina'),
(67, 67, 'David Herrera', 'Gamer profesional'),
(68, 68, 'Marta Medina', 'Interesada en la historia'),
(69, 69, 'José Castro', 'Desarrollador de apps'),
(70, 70, 'Clara Ortega', 'Fanática del yoga'),
(71, 71, 'Raúl Reyes', 'Apasionado por la astronomía'),
(72, 72, 'Sara Molina', 'Diseñadora de moda'),
(73, 73, 'Álvaro Iglesias', 'Estudiante de arquitectura'),
(74, 74, 'Paula Santos', 'Aficionada al baile'),
(75, 75, 'Rubén Delgado', 'Entusiasta de la fotografía'),
(76, 76, 'Teresa Cruz', 'Amante de la naturaleza'),
(77, 77, 'Óscar Navarro', 'Programador junior'),
(78, 78, 'Beatriz Jiménez', 'Fanática de los viajes'),
(79, 79, 'Manuel Ramos', 'Interesado en la IA'),
(80, 80, 'Alicia Vega', 'Estudiante de psicología'),
(81, 81, 'Sergio Campos', 'Apasionado por el fútbol'),
(82, 82, 'Marina Silva', 'Diseñadora de interiores'),
(83, 83, 'Víctor Guerrero', 'Fan de la música rock'),
(84, 84, 'Natalia Méndez', 'Aficionada a la escritura'),
(85, 85, 'Iván Cortés', 'Estudiante de física'),
(86, 86, 'Cristina Blanco', 'Interesada en el arte digital'),
(87, 87, 'Héctor Serrano', 'Amateur en ajedrez'),
(88, 88, 'Adriana Pascual', 'Fanática de la cocina asiática'),
(89, 89, 'Eduardo Suárez', 'Desarrollador backend'),
(90, 90, 'Silvia Flores', 'Amante de los libros'),
(91, 91, 'Alberto Aguilar', 'Estudiante de economía'),
(92, 92, 'Lorena León', 'Apasionada por la danza'),
(93, 93, 'Gonzalo Vargas', 'Fan del ciclismo'),
(94, 94, 'Noelia Mora', 'Interesada en la biología'),
(95, 95, 'Marcos Peña', 'Programador frontend'),
(96, 96, 'Esther Núñez', 'Aficionada al senderismo'),
(97, 97, 'Felipe Rivas', 'Entusiasta de la fotografía'),
(98, 98, 'Valeria Cabrera', 'Estudiante de diseño'),
(99, 99, 'Daniel Domínguez', 'Fan de los videojuegos'),
(100, 100, 'Claudia Calvo', 'Amante de la pintura');

-- Bloque 2: IDs 101-150
INSERT INTO profiles (profile_id, user_id, profile_name, profile_description) VALUES
(101, 101, 'Fernando Ruiz', 'Usuario apasionado por la tecnología'),
(102, 102, 'Patricia Gallego', 'Amante de la lectura y la música'),
(103, 103, 'Alejandro Herrero', 'Desarrollador web en formación'),
(104, 104, 'Mónica Carrasco', 'Interesada en la fotografía'),
(105, 105, 'Rafael Márquez', 'Fanático de los videojuegos'),
(106, 106, 'Verónica Soto', 'Diseñadora gráfica creativa'),
(107, 107, 'Antonio Rojas', 'Estudiante de ingeniería'),
(108, 108, 'Irene Parra', 'Apasionada por el arte'),
(109, 109, 'Francisco Lara', 'Entusiasta de la programación'),
(110, 110, 'Beatriz Nieto', 'Aficionada a la cocina'),
(111, 111, 'Jorge Bravo', 'Amateur en deportes extremos'),
(112, 112, 'Alicia Giménez', 'Escritora en desarrollo'),
(113, 113, 'Santiago Cano', 'Fan del cine clásico'),
(114, 114, 'Elena Benítez', 'Especialista en marketing'),
(115, 115, 'Rodrigo Vidal', 'Amante de los animales'),
(116, 116, 'Carmen Sáez', 'Estudiante de medicina'),
(117, 117, 'Ángel Mora', 'Gamer profesional'),
(118, 118, 'Teresa Pardo', 'Interesada en la historia'),
(119, 119, 'Vicente Ferrer', 'Desarrollador de apps'),
(120, 120, 'Lidia Roldán', 'Fanática del yoga'),
(121, 121, 'Emilio Gallardo', 'Apasionado por la astronomía'),
(122, 122, 'Nuria Crespo', 'Diseñadora de moda'),
(123, 123, 'Ignacio Montero', 'Estudiante de arquitectura'),
(124, 124, 'Lorena Sanz', 'Aficionada al baile'),
(125, 125, 'Julio Arias', 'Entusiasta de la fotografía'),
(126, 126, 'Esther Bueno', 'Amante de la naturaleza'),
(127, 127, 'César Lozano', 'Programador junior'),
(128, 128, 'Marina Rico', 'Fanática de los viajes'),
(129, 129, 'Enrique Molina', 'Interesado en la IA'),
(130, 130, 'Clara Palacios', 'Estudiante de psicología'),
(131, 131, 'Guillermo Cordero', 'Apasionado por el fútbol'),
(132, 132, 'Marta Aguirre', 'Diseñadora de interiores'),
(133, 133, 'Samuel Caro', 'Fan de la música rock'),
(134, 134, 'Noelia Valero', 'Aficionada a la escritura'),
(135, 135, 'Mario Sierra', 'Estudiante de física'),
(136, 136, 'Valeria Hidalgo', 'Interesada en el arte digital'),
(137, 137, 'Rubén Salas', 'Amateur en ajedrez'),
(138, 138, 'Silvia Villanueva', 'Fanática de la cocina asiática'),
(139, 139, 'Gabriel Pacheco', 'Desarrollador backend'),
(140, 140, 'Lucía Reyes', 'Amante de los libros'),
(141, 141, 'Mateo Campos', 'Estudiante de economía'),
(142, 142, 'Adriana Serrano', 'Apasionada por la danza'),
(143, 143, 'Hugo Blanco', 'Fan del ciclismo'),
(144, 144, 'Cristina Méndez', 'Interesada en la biología'),
(145, 145, 'Martín Guerrero', 'Programador frontend'),
(146, 146, 'Nerea Cortés', 'Aficionada al senderismo'),
(147, 147, 'Alonso Pascual', 'Entusiasta de la fotografía'),
(148, 148, 'Lara Suárez', 'Estudiante de diseño'),
(149, 149, 'Tomás Flores', 'Fan de los videojuegos'),
(150, 150, 'Emma Aguilar', 'Amante de la pintura');

-- Bloque 3: IDs 151-200
INSERT INTO profiles (profile_id, user_id, profile_name, profile_description) VALUES
(151, 151, 'Diego León', 'Usuario apasionado por la tecnología'),
(152, 152, 'Carla Vargas', 'Amante de la lectura y la música'),
(153, 153, 'Felipe Mora', 'Desarrollador web en formación'),
(154, 154, 'Sofía Peña', 'Interesada en la fotografía'),
(155, 155, 'Juan Núñez', 'Fanático de los videojuegos'),
(156, 156, 'María Rivas', 'Diseñadora gráfica creativa'),
(157, 157, 'Carlos Cabrera', 'Estudiante de ingeniería'),
(158, 158, 'Ana Domínguez', 'Apasionada por el arte'),
(159, 159, 'Luis Calvo', 'Entusiasta de la programación'),
(160, 160, 'Laura Ruiz', 'Aficionada a la cocina'),
(161, 161, 'Javier Gallego', 'Amateur en deportes extremos'),
(162, 162, 'Carmen Herrero', 'Escritora en desarrollo'),
(163, 163, 'Miguel Carrasco', 'Fan del cine clásico'),
(164, 164, 'Elena Márquez', 'Especialista en marketing'),
(165, 165, 'Andrés Soto', 'Amante de los animales'),
(166, 166, 'Isabel Rojas', 'Estudiante de medicina'),
(167, 167, 'Pablo Parra', 'Gamer profesional'),
(168, 168, 'Lucía Lara', 'Interesada en la historia'),
(169, 169, 'David Nieto', 'Desarrollador de apps'),
(170, 170, 'Marta Bravo', 'Fanática del yoga'),
(171, 171, 'José Cano', 'Apasionado por la astronomía'),
(172, 172, 'Clara Benítez', 'Diseñadora de moda'),
(173, 173, 'Raúl Vidal', 'Estudiante de arquitectura'),
(174, 174, 'Sara Sáez', 'Aficionada al baile'),
(175, 175, 'Álvaro Mora', 'Entusiasta de la fotografía'),
(176, 176, 'Paula Pardo', 'Amante de la naturaleza'),
(177, 177, 'Rubén Ferrer', 'Programador junior'),
(178, 178, 'Teresa Roldán', 'Fanática de los viajes'),
(179, 179, 'Óscar Gallardo', 'Interesado en la IA'),
(180, 180, 'Beatriz Crespo', 'Estudiante de psicología'),
(181, 181, 'Manuel Montero', 'Apasionado por el fútbol'),
(182, 182, 'Alicia Sanz', 'Diseñadora de interiores'),
(183, 183, 'Sergio Arias', 'Fan de la música rock'),
(184, 184, 'Marina Bueno', 'Aficionada a la escritura'),
(185, 185, 'Víctor Lozano', 'Estudiante de física'),
(186, 186, 'Natalia Rico', 'Interesada en el arte digital'),
(187, 187, 'Iván Palacios', 'Amateur en ajedrez'),
(188, 188, 'Cristina Cordero', 'Fanática de la cocina asiática'),
(189, 189, 'Héctor Aguirre', 'Desarrollador backend'),
(190, 190, 'Adriana Caro', 'Amante de los libros'),
(191, 191, 'Eduardo Valero', 'Estudiante de economía'),
(192, 192, 'Silvia Sierra', 'Apasionada por la danza'),
(193, 193, 'Alberto Hidalgo', 'Fan del ciclismo'),
(194, 194, 'Lorena Salas', 'Interesada en la biología'),
(195, 195, 'Gonzalo Villanueva', 'Programador frontend'),
(196, 196, 'Noelia Pacheco', 'Aficionada al senderismo'),
(197, 197, 'Marcos Reyes', 'Entusiasta de la fotografía'),
(198, 198, 'Esther Campos', 'Estudiante de diseño'),
(199, 199, 'Felipe Serrano', 'Fan de los videojuegos'),
(200, 200, 'Valeria Méndez', 'Amante de la pintura');

-- Bloque 4: IDs 201-250
INSERT INTO profiles (profile_id, user_id, profile_name, profile_description) VALUES
(201, 201, 'Juan Guerrero', 'Usuario apasionado por la tecnología'),
(202, 202, 'María Cortés', 'Amante de la lectura y la música'),
(203, 203, 'Carlos Pascual', 'Desarrollador web en formación'),
(204, 204, 'Ana Suárez', 'Interesada en la fotografía'),
(205, 205, 'Luis Flores', 'Fanático de los videojuegos'),
(206, 206, 'Sofía Aguilar', 'Diseñadora gráfica creativa'),
(207, 207, 'Diego León', 'Estudiante de ingeniería'),
(208, 208, 'Laura Vargas', 'Apasionada por el arte'),
(209, 209, 'Javier Mora', 'Entusiasta de la programación'),
(210, 210, 'Carmen Peña', 'Aficionada a la cocina'),
(211, 211, 'Miguel Núñez', 'Amateur en deportes extremos'),
(212, 212, 'Elena Rivas', 'Escritora en desarrollo'),
(213, 213, 'Andrés Cabrera', 'Fan del cine clásico'),
(214, 214, 'Isabel Domínguez', 'Especialista en marketing'),
(215, 215, 'Pablo Calvo', 'Amante de los animales'),
(216, 216, 'Lucía Ruiz', 'Estudiante de medicina'),
(217, 217, 'David Gallego', 'Gamer profesional'),
(218, 218, 'Marta Herrero', 'Interesada en la historia'),
(219, 219, 'José Carrasco', 'Desarrollador de apps'),
(220, 220, 'Clara Márquez', 'Fanática del yoga'),
(221, 221, 'Raúl Soto', 'Apasionado por la astronomía'),
(222, 222, 'Sara Rojas', 'Diseñadora de moda'),
(223, 223, 'Álvaro Parra', 'Estudiante de arquitectura'),
(224, 224, 'Paula Lara', 'Aficionada al baile'),
(225, 225, 'Rubén Nieto', 'Entusiasta de la fotografía'),
(226, 226, 'Teresa Bravo', 'Amante de la naturaleza'),
(227, 227, 'Óscar Cano', 'Programador junior'),
(228, 228, 'Beatriz Benítez', 'Fanática de los viajes'),
(229, 229, 'Manuel Vidal', 'Interesado en la IA'),
(230, 230, 'Alicia Sáez', 'Estudiante de psicología'),
(231, 231, 'Sergio Mora', 'Apasionado por el fútbol'),
(232, 232, 'Marina Pardo', 'Diseñadora de interiores'),
(233, 233, 'Víctor Ferrer', 'Fan de la música rock'),
(234, 234, 'Natalia Roldán', 'Aficionada a la escritura'),
(235, 235, 'Iván Gallardo', 'Estudiante de física'),
(236, 236, 'Cristina Crespo', 'Interesada en el arte digital'),
(237, 237, 'Héctor Montero', 'Amateur en ajedrez'),
(238, 238, 'Adriana Sanz', 'Fanática de la cocina asiática'),
(239, 239, 'Eduardo Arias', 'Desarrollador backend'),
(240, 240, 'Silvia Bueno', 'Amante de los libros'),
(241, 241, 'Alberto Lozano', 'Estudiante de economía'),
(242, 242, 'Lorena Rico', 'Apasionada por la danza'),
(243, 243, 'Gonzalo Palacios', 'Fan del ciclismo'),
(244, 244, 'Noelia Cordero', 'Interesada en la biología'),
(245, 245, 'Marcos Aguirre', 'Programador frontend'),
(246, 246, 'Esther Caro', 'Aficionada al senderismo'),
(247, 247, 'Felipe Valero', 'Entusiasta de la fotografía'),
(248, 248, 'Valeria Sierra', 'Estudiante de diseño'),
(249, 249, 'Daniel Hidalgo', 'Fan de los videojuegos'),
(250, 250, 'Claudia Salas', 'Amante de la pintura');

-- Bloque 5: IDs 251-300
INSERT INTO profiles (profile_id, user_id, profile_name, profile_description) VALUES
(251, 251, 'Fernando Villanueva', 'Usuario apasionado por la tecnología'),
(252, 252, 'Patricia Pacheco', 'Amante de la lectura y la música'),
(253, 253, 'Alejandro Reyes', 'Desarrollador web en formación'),
(254, 254, 'Mónica Campos', 'Interesada en la fotografía'),
(255, 255, 'Rafael Serrano', 'Fanático de los videojuegos'),
(256, 256, 'Verónica Méndez', 'Diseñadora gráfica creativa'),
(257, 257, 'Antonio Guerrero', 'Estudiante de ingeniería'),
(258, 258, 'Irene Cortés', 'Apasionada por el arte'),
(259, 259, 'Francisco Pascual', 'Entusiasta de la programación'),
(260, 260, 'Beatriz Suárez', 'Aficionada a la cocina'),
(261, 261, 'Jorge Flores', 'Amateur en deportes extremos'),
(262, 262, 'Alicia Aguilar', 'Escritora en desarrollo'),
(263, 263, 'Santiago León', 'Fan del cine clásico'),
(264, 264, 'Elena Vargas', 'Especialista en marketing'),
(265, 265, 'Rodrigo Mora', 'Amante de los animales'),
(266, 266, 'Carmen Peña', 'Estudiante de medicina'),
(267, 267, 'Ángel Núñez', 'Gamer profesional'),
(268, 268, 'Teresa Rivas', 'Interesada en la historia'),
(269, 269, 'Vicente Cabrera', 'Desarrollador de apps'),
(270, 270, 'Lidia Domínguez', 'Fanática del yoga'),
(271, 271, 'Emilio Calvo', 'Apasionado por la astronomía'),
(272, 272, 'Nuria Ruiz', 'Diseñadora de moda'),
(273, 273, 'Ignacio Gallego', 'Estudiante de arquitectura'),
(274, 274, 'Lorena Herrero', 'Aficionada al baile'),
(275, 275, 'Julio Carrasco', 'Entusiasta de la fotografía'),
(276, 276, 'Esther Márquez', 'Amante de la naturaleza'),
(277, 277, 'César Soto', 'Programador junior'),
(278, 278, 'Marina Rojas', 'Fanática de los viajes'),
(279, 279, 'Enrique Parra', 'Interesado en la IA'),
(280, 280, 'Clara Lara', 'Estudiante de psicología'),
(281, 281, 'Guillermo Nieto', 'Apasionado por el fútbol'),
(282, 282, 'Marta Bravo', 'Diseñadora de interiores'),
(283, 283, 'Samuel Cano', 'Fan de la música rock'),
(284, 284, 'Noelia Benítez', 'Aficionada a la escritura'),
(285, 285, 'Mario Vidal', 'Estudiante de física'),
(286, 286, 'Valeria Sáez', 'Interesada en el arte digital'),
(287, 287, 'Rubén Mora', 'Amateur en ajedrez'),
(288, 288, 'Silvia Pardo', 'Fanática de la cocina asiática'),
(289, 289, 'Gabriel Ferrer', 'Desarrollador backend'),
(290, 290, 'Lucía Roldán', 'Amante de los libros'),
(291, 291, 'Mateo Gallardo', 'Estudiante de economía'),
(292, 292, 'Adriana Crespo', 'Apasionada por la danza'),
(293, 293, 'Hugo Montero', 'Fan del ciclismo'),
(294, 294, 'Cristina Sanz', 'Interesada en la biología'),
(295, 295, 'Martín Arias', 'Programador frontend'),
(296, 296, 'Nerea Bueno', 'Aficionada al senderismo'),
(297, 297, 'Alonso Lozano', 'Entusiasta de la fotografía'),
(298, 298, 'Lara Rico', 'Estudiante de diseño'),
(299, 299, 'Tomás Palacios', 'Fan de los videojuegos'),
(300, 300, 'Emma Cordero', 'Amante de la pintura');

-- Bloque 6: IDs 301-350
INSERT INTO profiles (profile_id, user_id, profile_name, profile_description) VALUES
(301, 301, 'Diego Aguirre', 'Usuario apasionado por la tecnología'),
(302, 302, 'Carla Caro', 'Amante de la lectura y la música'),
(303, 303, 'Felipe Valero', 'Desarrollador web en formación'),
(304, 304, 'Sofía Sierra', 'Interesada en la fotografía'),
(305, 305, 'Juan Hidalgo', 'Fanático de los videojuegos'),
(306, 306, 'María Salas', 'Diseñadora gráfica creativa'),
(307, 307, 'Carlos Villanueva', 'Estudiante de ingeniería'),
(308, 308, 'Ana Pacheco', 'Apasionada por el arte'),
(309, 309, 'Luis Reyes', 'Entusiasta de la programación'),
(310, 310, 'Laura Campos', 'Aficionada a la cocina'),
(311, 311, 'Javier Serrano', 'Amateur en deportes extremos'),
(312, 312, 'Carmen Méndez', 'Escritora en desarrollo'),
(313, 313, 'Miguel Guerrero', 'Fan del cine clásico'),
(314, 314, 'Elena Cortés', 'Especialista en marketing'),
(315, 315, 'Andrés Pascual', 'Amante de los animales'),
(316, 316, 'Isabel Suárez', 'Estudiante de medicina'),
(317, 317, 'Pablo Flores', 'Gamer profesional'),
(318, 318, 'Lucía Aguilar', 'Interesada en la historia'),
(319, 319, 'David León', 'Desarrollador de apps'),
(320, 320, 'Marta Vargas', 'Fanática del yoga'),
(321, 321, 'José Mora', 'Apasionado por la astronomía'),
(322, 322, 'Clara Peña', 'Diseñadora de moda'),
(323, 323, 'Raúl Núñez', 'Estudiante de arquitectura'),
(324, 324, 'Sara Rivas', 'Aficionada al baile'),
(325, 325, 'Álvaro Cabrera', 'Entusiasta de la fotografía'),
(326, 326, 'Paula Domínguez', 'Amante de la naturaleza'),
(327, 327, 'Rubén Calvo', 'Programador junior'),
(328, 328, 'Teresa Ruiz', 'Fanática de los viajes'),
(329, 329, 'Óscar Gallego', 'Interesado en la IA'),
(330, 330, 'Beatriz Herrero', 'Estudiante de psicología'),
(331, 331, 'Manuel Carrasco', 'Apasionado por el fútbol'),
(332, 332, 'Alicia Márquez', 'Diseñadora de interiores'),
(333, 333, 'Sergio Soto', 'Fan de la música rock'),
(334, 334, 'Marina Rojas', 'Aficionada a la escritura'),
(335, 335, 'Víctor Parra', 'Estudiante de física'),
(336, 336, 'Natalia Lara', 'Interesada en el arte digital'),
(337, 337, 'Iván Nieto', 'Amateur en ajedrez'),
(338, 338, 'Cristina Bravo', 'Fanática de la cocina asiática'),
(339, 339, 'Héctor Cano', 'Desarrollador backend'),
(340, 340, 'Adriana Benítez', 'Amante de los libros'),
(341, 341, 'Eduardo Vidal', 'Estudiante de economía'),
(342, 342, 'Silvia Sáez', 'Apasionada por la danza'),
(343, 343, 'Alberto Mora', 'Fan del ciclismo'),
(344, 344, 'Lorena Pardo', 'Interesada en la biología'),
(345, 345, 'Gonzalo Ferrer', 'Programador frontend'),
(346, 346, 'Noelia Roldán', 'Aficionada al senderismo'),
(347, 347, 'Marcos Gallardo', 'Entusiasta de la fotografía'),
(348, 348, 'Esther Crespo', 'Estudiante de diseño'),
(349, 349, 'Felipe Montero', 'Fan de los videojuegos'),
(350, 350, 'Valeria Sanz', 'Amante de la pintura');

-- Bloque 7: IDs 351-400
INSERT INTO profiles (profile_id, user_id, profile_name, profile_description) VALUES
(351, 351, 'Daniel Arias', 'Usuario apasionado por la tecnología'),
(352, 352, 'Claudia Bueno', 'Amante de la lectura y la música'),
(353, 353, 'Fernando Lozano', 'Desarrollador web en formación'),
(354, 354, 'Patricia Rico', 'Interesada en la fotografía'),
(355, 355, 'Alejandro Palacios', 'Fanático de los videojuegos'),
(356, 356, 'Mónica Cordero', 'Diseñadora gráfica creativa'),
(357, 357, 'Rafael Aguirre', 'Estudiante de ingeniería'),
(358, 358, 'Verónica Caro', 'Apasionada por el arte'),
(359, 359, 'Antonio Valero', 'Entusiasta de la programación'),
(360, 360, 'Irene Sierra', 'Aficionada a la cocina'),
(361, 361, 'Francisco Hidalgo', 'Amateur en deportes extremos'),
(362, 362, 'Beatriz Salas', 'Escritora en desarrollo'),
(363, 363, 'Jorge Villanueva', 'Fan del cine clásico'),
(364, 364, 'Alicia Pacheco', 'Especialista en marketing'),
(365, 365, 'Santiago Reyes', 'Amante de los animales'),
(366, 366, 'Elena Campos', 'Estudiante de medicina'),
(367, 367, 'Rodrigo Serrano', 'Gamer profesional'),
(368, 368, 'Carmen Méndez', 'Interesada en la historia'),
(369, 369, 'Ángel Guerrero', 'Desarrollador de apps'),
(370, 370, 'Teresa Cortés', 'Fanática del yoga'),
(371, 371, 'Vicente Pascual', 'Apasionado por la astronomía'),
(372, 372, 'Lidia Suárez', 'Diseñadora de moda'),
(373, 373, 'Emilio Flores', 'Estudiante de arquitectura'),
(374, 374, 'Nuria Aguilar', 'Aficionada al baile'),
(375, 375, 'Ignacio León', 'Entusiasta de la fotografía'),
(376, 376, 'Lorena Vargas', 'Amante de la naturaleza'),
(377, 377, 'Julio Mora', 'Programador junior'),
(378, 378, 'Esther Peña', 'Fanática de los viajes'),
(379, 379, 'César Núñez', 'Interesado en la IA'),
(380, 380, 'Marina Rivas', 'Estudiante de psicología'),
(381, 381, 'Enrique Cabrera', 'Apasionado por el fútbol'),
(382, 382, 'Clara Domínguez', 'Diseñadora de interiores'),
(383, 383, 'Guillermo Calvo', 'Fan de la música rock'),
(384, 384, 'Marta Ruiz', 'Aficionada a la escritura'),
(385, 385, 'Samuel Gallego', 'Estudiante de física'),
(386, 386, 'Noelia Herrero', 'Interesada en el arte digital'),
(387, 387, 'Mario Carrasco', 'Amateur en ajedrez'),
(388, 388, 'Valeria Márquez', 'Fanática de la cocina asiática'),
(389, 389, 'Rubén Soto', 'Desarrollador backend'),
(390, 390, 'Silvia Rojas', 'Amante de los libros'),
(391, 391, 'Gabriel Parra', 'Estudiante de economía'),
(392, 392, 'Lucía Lara', 'Apasionada por la danza'),
(393, 393, 'Mateo Nieto', 'Fan del ciclismo'),
(394, 394, 'Adriana Bravo', 'Interesada en la biología'),
(395, 395, 'Hugo Cano', 'Programador frontend'),
(396, 396, 'Cristina Benítez', 'Aficionada al senderismo'),
(397, 397, 'Martín Vidal', 'Entusiasta de la fotografía'),
(398, 398, 'Nerea Sáez', 'Estudiante de diseño'),
(399, 399, 'Alonso Mora', 'Fan de los videojuegos'),
(400, 400, 'Lara Pardo', 'Amante de la pintura');

-- Bloque 8: IDs 401-450
INSERT INTO profiles (profile_id, user_id, profile_name, profile_description) VALUES
(401, 401, 'Tomás Ferrer', 'Usuario apasionado por la tecnología'),
(402, 402, 'Emma Roldán', 'Amante de la lectura y la música'),
(403, 403, 'Diego Gallardo', 'Desarrollador web en formación'),
(404, 404, 'Carla Crespo', 'Interesada en la fotografía'),
(405, 405, 'Felipe Montero', 'Fanático de los videojuegos'),
(406, 406, 'Sofía Sanz', 'Diseñadora gráfica creativa'),
(407, 407, 'Juan Arias', 'Estudiante de ingeniería'),
(408, 408, 'María Bueno', 'Apasionada por el arte'),
(409, 409, 'Carlos Lozano', 'Entusiasta de la programación'),
(410, 410, 'Ana Rico', 'Aficionada a la cocina'),
(411, 411, 'Luis Palacios', 'Amateur en deportes extremos'),
(412, 412, 'Laura Cordero', 'Escritora en desarrollo'),
(413, 413, 'Javier Aguirre', 'Fan del cine clásico'),
(414, 414, 'Carmen Caro', 'Especialista en marketing'),
(415, 415, 'Miguel Valero', 'Amante de los animales'),
(416, 416, 'Elena Sierra', 'Estudiante de medicina'),
(417, 417, 'Andrés Hidalgo', 'Gamer profesional'),
(418, 418, 'Isabel Salas', 'Interesada en la historia'),
(419, 419, 'Pablo Villanueva', 'Desarrollador de apps'),
(420, 420, 'Lucía Pacheco', 'Fanática del yoga'),
(421, 421, 'David Reyes', 'Apasionado por la astronomía'),
(422, 422, 'Marta Campos', 'Diseñadora de moda'),
(423, 423, 'José Serrano', 'Estudiante de arquitectura'),
(424, 424, 'Clara Méndez', 'Aficionada al baile'),
(425, 425, 'Raúl Guerrero', 'Entusiasta de la fotografía'),
(426, 426, 'Sara Cortés', 'Amante de la naturaleza'),
(427, 427, 'Álvaro Pascual', 'Programador junior'),
(428, 428, 'Paula Suárez', 'Fanática de los viajes'),
(429, 429, 'Rubén Flores', 'Interesado en la IA'),
(430, 430, 'Teresa Aguilar', 'Estudiante de psicología'),
(431, 431, 'Óscar León', 'Apasionado por el fútbol'),
(432, 432, 'Beatriz Vargas', 'Diseñadora de interiores'),
(433, 433, 'Manuel Mora', 'Fan de la música rock'),
(434, 434, 'Alicia Peña', 'Aficionada a la escritura'),
(435, 435, 'Sergio Núñez', 'Estudiante de física'),
(436, 436, 'Marina Rivas', 'Interesada en el arte digital'),
(437, 437, 'Víctor Cabrera', 'Amateur en ajedrez'),
(438, 438, 'Natalia Domínguez', 'Fanática de la cocina asiática'),
(439, 439, 'Iván Calvo', 'Desarrollador backend'),
(440, 440, 'Cristina Ruiz', 'Amante de los libros'),
(441, 441, 'Héctor Gallego', 'Estudiante de economía'),
(442, 442, 'Adriana Herrero', 'Apasionada por la danza'),
(443, 443, 'Eduardo Carrasco', 'Fan del ciclismo'),
(444, 444, 'Silvia Márquez', 'Interesada en la biología'),
(445, 445, 'Alberto Soto', 'Programador frontend'),
(446, 446, 'Lorena Rojas', 'Aficionada al senderismo'),
(447, 447, 'Gonzalo Parra', 'Entusiasta de la fotografía'),
(448, 448, 'Noelia Lara', 'Estudiante de diseño'),
(449, 449, 'Marcos Nieto', 'Fan de los videojuegos'),
(450, 450, 'Esther Bravo', 'Amante de la pintura');

-- Bloque 9: IDs 451-500
INSERT INTO profiles (profile_id, user_id, profile_name, profile_description) VALUES
(451, 451, 'Felipe Cano', 'Usuario apasionado por la tecnología'),
(452, 452, 'Valeria Benítez', 'Amante de la lectura y la música'),
(453, 453, 'Daniel Vidal', 'Desarrollador web en formación'),
(454, 454, 'Claudia Sáez', 'Interesada en la fotografía'),
(455, 455, 'Fernando Mora', 'Fanático de los videojuegos'),
(456, 456, 'Patricia Pardo', 'Diseñadora gráfica creativa'),
(457, 457, 'Alejandro Ferrer', 'Estudiante de ingeniería'),
(458, 458, 'Mónica Roldán', 'Apasionada por el arte'),
(459, 459, 'Rafael Gallardo', 'Entusiasta de la programación'),
(460, 460, 'Verónica Crespo', 'Aficionada a la cocina'),
(461, 461, 'Antonio Montero', 'Amateur en deportes extremos'),
(462, 462, 'Irene Sanz', 'Escritora en desarrollo'),
(463, 463, 'Francisco Arias', 'Fan del cine clásico'),
(464, 464, 'Beatriz Bueno', 'Especialista en marketing'),
(465, 465, 'Jorge Lozano', 'Amante de los animales'),
(466, 466, 'Alicia Rico', 'Estudiante de medicina'),
(467, 467, 'Santiago Palacios', 'Gamer profesional'),
(468, 468, 'Elena Cordero', 'Interesada en la historia'),
(469, 469, 'Rodrigo Aguirre', 'Desarrollador de apps'),
(470, 470, 'Carmen Caro', 'Fanática del yoga'),
(471, 471, 'Ángel Valero', 'Apasionado por la astronomía'),
(472, 472, 'Teresa Sierra', 'Diseñadora de moda'),
(473, 473, 'Vicente Hidalgo', 'Estudiante de arquitectura'),
(474, 474, 'Lidia Salas', 'Aficionada al baile'),
(475, 475, 'Emilio Villanueva', 'Entusiasta de la fotografía'),
(476, 476, 'Nuria Pacheco', 'Amante de la naturaleza'),
(477, 477, 'Ignacio Reyes', 'Programador junior'),
(478, 478, 'Lorena Campos', 'Fanática de los viajes'),
(479, 479, 'Julio Serrano', 'Interesado en la IA'),
(480, 480, 'Esther Méndez', 'Estudiante de psicología'),
(481, 481, 'César Guerrero', 'Apasionado por el fútbol'),
(482, 482, 'Marina Cortés', 'Diseñadora de interiores'),
(483, 483, 'Enrique Pascual', 'Fan de la música rock'),
(484, 484, 'Clara Suárez', 'Aficionada a la escritura'),
(485, 485, 'Guillermo Flores', 'Estudiante de física'),
(486, 486, 'Marta Aguilar', 'Interesada en el arte digital'),
(487, 487, 'Samuel León', 'Amateur en ajedrez'),
(488, 488, 'Noelia Vargas', 'Fanática de la cocina asiática'),
(489, 489, 'Mario Mora', 'Desarrollador backend'),
(490, 490, 'Valeria Peña', 'Amante de los libros'),
(491, 491, 'Rubén Núñez', 'Estudiante de economía'),
(492, 492, 'Silvia Rivas', 'Apasionada por la danza'),
(493, 493, 'Gabriel Cabrera', 'Fan del ciclismo'),
(494, 494, 'Lucía Domínguez', 'Interesada en la biología'),
(495, 495, 'Mateo Calvo', 'Programador frontend'),
(496, 496, 'Adriana Ruiz', 'Aficionada al senderismo'),
(497, 497, 'Hugo Gallego', 'Entusiasta de la fotografía'),
(498, 498, 'Cristina Herrero', 'Estudiante de diseño'),
(499, 499, 'Martín Carrasco', 'Fan de los videojuegos'),
(500, 500, 'Nerea Márquez', 'Amante de la pintura');
select*from offers;
-- Tabla favorites
INSERT INTO favorites (profile_id, product_id) VALUES
(1, 123),
(52, 456),
(53, 78),
(54, 290),
(55, 345),
(56, 167),
(57, 489),
(58, 234),
(59, 89),
(60, 401),
(61, 278),
(62, 150),
(63, 392),
(64, 45),
(65, 317),
(66, 189),
(67, 450),
(68, 76),
(69, 298),
(70, 123),
(71, 367),
(72, 234),
(73, 89),
(74, 401),
(75, 156),
(76, 278),
(77, 345),
(78, 189),
(79, 450),
(80, 76),
(81, 298),
(82, 123),
(83, 234),
(84, 89),
(85, 401),
(86, 156),
(87, 278),
(88, 345),
(89, 189),
(90, 450),
(91, 76),
(92, 298),
(93, 123),
(94, 234),
(95, 89),
(96, 401),
(97, 156),
(98, 278),
(99, 345),
(100, 189);

